Methyclothiazide	target	9606.ENSP00000402152
Atrasentan	target	9606.ENSP00000315011
Lovastatin	target	9606.ENSP00000349252
Lovastatin	target	9606.ENSP00000430432
Lovastatin	target	9606.ENSP00000287936
Butalbital	target	9606.ENSP00000359334
Butalbital	target	9606.ENSP00000335592
Butalbital	target	9606.ENSP00000348897
Butalbital	target	9606.ENSP00000264426
Butalbital	target	9606.ENSP00000359285
Butalbital	target	9606.ENSP00000023897
Butalbital	target	9606.ENSP00000299847
Butalbital	target	9606.ENSP00000264318
Butalbital	target	9606.ENSP00000274545
Butalbital	target	9606.ENSP00000397026
Phenytoin	target	9606.ENSP00000328968
Phenytoin	target	9606.ENSP00000303540
Clotrimazole	target	9606.ENSP00000262888
Metoprolol	target	9606.ENSP00000305372
Metoprolol	target	9606.ENSP00000358301
Topiramate	target	9606.ENSP00000300900
Topiramate	target	9606.ENSP00000382791
Topiramate	target	9606.ENSP00000023897
Topiramate	target	9606.ENSP00000303540
Topiramate	target	9606.ENSP00000285379
Olmesartan	target	9606.ENSP00000273430
Theophylline	target	9606.ENSP00000347046
Theophylline	target	9606.ENSP00000430432
Theophylline	target	9606.ENSP00000336630
Theophylline	target	9606.ENSP00000304501
Theophylline	target	9606.ENSP00000270474
Theophylline	target	9606.ENSP00000351957
Theophylline	target	9606.ENSP00000332116
Theophylline	target	9606.ENSP00000308549
Lidocaine	target	9606.ENSP00000328968
Lidocaine	target	9606.ENSP00000390600
Lidocaine	target	9606.ENSP00000386306
Lidocaine	target	9606.ENSP00000275493
Clemastine	target	9606.ENSP00000380247
Etonogestrel	target	9606.ENSP00000206249
Etonogestrel	target	9606.ENSP00000325120
Nitroprusside	target	9606.ENSP00000357669
Indomethacin	target	9606.ENSP00000287820
Indomethacin	target	9606.ENSP00000354612
Indomethacin	target	9606.ENSP00000362463
Indomethacin	target	9606.ENSP00000332812
Indomethacin	target	9606.ENSP00000267568
Indomethacin	target	9606.ENSP00000356438
Indomethacin	target	9606.ENSP00000364252
Metformin	target	9606.ENSP00000229328
Ipratropium	target	9606.ENSP00000255380
Ipratropium	target	9606.ENSP00000306490
Ipratropium	target	9606.ENSP00000319984
Olanzapine	target	9606.ENSP00000372750
Olanzapine	target	9606.ENSP00000337949
Olanzapine	target	9606.ENSP00000307766
Olanzapine	target	9606.ENSP00000280155
Olanzapine	target	9606.ENSP00000358963
Olanzapine	target	9606.ENSP00000367959
Olanzapine	target	9606.ENSP00000306490
Olanzapine	target	9606.ENSP00000313661
Olanzapine	target	9606.ENSP00000354859
Olanzapine	target	9606.ENSP00000387281
Olanzapine	target	9606.ENSP00000373169
Olanzapine	target	9606.ENSP00000327652
Olanzapine	target	9606.ENSP00000276198
Olanzapine	target	9606.ENSP00000306662
Olanzapine	target	9606.ENSP00000380247
Olanzapine	target	9606.ENSP00000289753
Olanzapine	target	9606.ENSP00000306129
Olanzapine	target	9606.ENSP00000316244
Olanzapine	target	9606.ENSP00000369960
Olanzapine	target	9606.ENSP00000255380
Olanzapine	target	9606.ENSP00000386069
Olanzapine	target	9606.ENSP00000319984
Olanzapine	target	9606.ENSP00000409378
Atenolol	target	9606.ENSP00000358301
Omeprazole	target	9606.ENSP00000262623
Cetirizine	target	9606.ENSP00000380247
Diltiazem	target	9606.ENSP00000226021
Morphine	target	9606.ENSP00000265572
Morphine	target	9606.ENSP00000234961
Morphine	target	9606.ENSP00000394624
Bupivacaine	target	9606.ENSP00000390600
Bupivacaine	target	9606.ENSP00000292513
Chlorthalidone	target	9606.ENSP00000370381
Valproic Acid	target	9606.ENSP00000222673
Valproic Acid	target	9606.ENSP00000314649
Valproic Acid	target	9606.ENSP00000408617
Valproic Acid	target	9606.ENSP00000357873
Valproic Acid	target	9606.ENSP00000268251
Acetaminophen	target	9606.ENSP00000354612
Acetaminophen	target	9606.ENSP00000356438
Gefitinib	target	9606.ENSP00000275493
Codeine	target	9606.ENSP00000265572
Codeine	target	9606.ENSP00000234961
Codeine	target	9606.ENSP00000394624
Amitriptyline	target	9606.ENSP00000261707
Amitriptyline	target	9606.ENSP00000372750
Amitriptyline	target	9606.ENSP00000280155
Amitriptyline	target	9606.ENSP00000367959
Amitriptyline	target	9606.ENSP00000368766
Amitriptyline	target	9606.ENSP00000371985
Amitriptyline	target	9606.ENSP00000306490
Amitriptyline	target	9606.ENSP00000319591
Amitriptyline	target	9606.ENSP00000352035
Amitriptyline	target	9606.ENSP00000380247
Amitriptyline	target	9606.ENSP00000431418
Amitriptyline	target	9606.ENSP00000316244
Amitriptyline	target	9606.ENSP00000369960
Amitriptyline	target	9606.ENSP00000265572
Amitriptyline	target	9606.ENSP00000234961
Amitriptyline	target	9606.ENSP00000255380
Amitriptyline	target	9606.ENSP00000333496
Amitriptyline	target	9606.ENSP00000319984
Amitriptyline	target	9606.ENSP00000409378
Amitriptyline	target	9606.ENSP00000277120
Amitriptyline	target	9606.ENSP00000219833
Cetuximab	target	9606.ENSP00000356946
Cetuximab	target	9606.ENSP00000271450
Cetuximab	target	9606.ENSP00000363768
Cetuximab	target	9606.ENSP00000358165
Cetuximab	target	9606.ENSP00000313967
Cetuximab	target	9606.ENSP00000363773
Cetuximab	target	9606.ENSP00000294800
Cetuximab	target	9606.ENSP00000328173
Cetuximab	target	9606.ENSP00000275493
Cetuximab	target	9606.ENSP00000351497
Cetuximab	target	9606.ENSP00000351497
Peginterferon alfa-2a	target	9606.ENSP00000343957
Peginterferon alfa-2a	target	9606.ENSP00000270139
Peginterferon alfa-2b	target	9606.ENSP00000343957
Peginterferon alfa-2b	target	9606.ENSP00000270139
Aldesleukin	target	9606.ENSP00000369293
Aldesleukin	target	9606.ENSP00000216223
Aldesleukin	target	9606.ENSP00000363318
Adalimumab	target	9606.ENSP00000356946
Adalimumab	target	9606.ENSP00000271450
Adalimumab	target	9606.ENSP00000363768
Adalimumab	target	9606.ENSP00000358165
Adalimumab	target	9606.ENSP00000313967
Adalimumab	target	9606.ENSP00000363773
Adalimumab	target	9606.ENSP00000294800
Adalimumab	target	9606.ENSP00000328173
Adalimumab	target	9606.ENSP00000351497
Adalimumab	target	9606.ENSP00000351497
Adalimumab	target	9606.ENSP00000398698
Trastuzumab	target	9606.ENSP00000356946
Trastuzumab	target	9606.ENSP00000271450
Trastuzumab	target	9606.ENSP00000269571
Trastuzumab	target	9606.ENSP00000358165
Trastuzumab	target	9606.ENSP00000294800
Trastuzumab	target	9606.ENSP00000351497
Trastuzumab	target	9606.ENSP00000351497
Trastuzumab	target	9606.ENSP00000363768
Trastuzumab	target	9606.ENSP00000313967
Trastuzumab	target	9606.ENSP00000363773
Trastuzumab	target	9606.ENSP00000328173
Trastuzumab	target	9606.ENSP00000275493
Rituximab	target	9606.ENSP00000356946
Rituximab	target	9606.ENSP00000271450
Rituximab	target	9606.ENSP00000314620
Rituximab	target	9606.ENSP00000363768
Rituximab	target	9606.ENSP00000358165
Rituximab	target	9606.ENSP00000313967
Rituximab	target	9606.ENSP00000363773
Rituximab	target	9606.ENSP00000294800
Rituximab	target	9606.ENSP00000328173
Rituximab	target	9606.ENSP00000351497
Rituximab	target	9606.ENSP00000351497
Cyclosporine	target	9606.ENSP00000363939
Cyclosporine	target	9606.ENSP00000419425
Cyclosporine	target	9606.ENSP00000297156
Bevacizumab	target	9606.ENSP00000356946
Bevacizumab	target	9606.ENSP00000361125
Bevacizumab	target	9606.ENSP00000271450
Bevacizumab	target	9606.ENSP00000363768
Bevacizumab	target	9606.ENSP00000358165
Bevacizumab	target	9606.ENSP00000313967
Bevacizumab	target	9606.ENSP00000363773
Bevacizumab	target	9606.ENSP00000294800
Bevacizumab	target	9606.ENSP00000351497
Bevacizumab	target	9606.ENSP00000351497
Vitamin B12CN	target	9606.ENSP00000281317
Vitamin B12CN	target	9606.ENSP00000264668
Vitamin B12CN	target	9606.ENSP00000365775
Vitamin B12CN	target	9606.ENSP00000383840
Vitamin B12CN	target	9606.ENSP00000355536
Vitamin B12CN	target	9606.ENSP00000274813
Valsartan	target	9606.ENSP00000273430
Ramipril	target	9606.ENSP00000290866
Bortezomib	target	9606.ENSP00000262193
Bortezomib	target	9606.ENSP00000355325
Bortezomib	target	9606.ENSP00000362334
Bortezomib	target	9606.ENSP00000309474
Bortezomib	target	9606.ENSP00000310129
Carbidopa	target	9606.ENSP00000350616
Tramadol	target	9606.ENSP00000261707
Tramadol	target	9606.ENSP00000276198
Tramadol	target	9606.ENSP00000355155
Tramadol	target	9606.ENSP00000265572
Tramadol	target	9606.ENSP00000234961
Tramadol	target	9606.ENSP00000255380
Tramadol	target	9606.ENSP00000394624
Tramadol	target	9606.ENSP00000299847
Tramadol	target	9606.ENSP00000219833
Oseltamivir	target	9606.ENSP00000233840
Oseltamivir	target	9606.ENSP00000353720
Oseltamivir	target	9606.ENSP00000364782
Caffeine	target	9606.ENSP00000352608
Caffeine	target	9606.ENSP00000336630
Caffeine	target	9606.ENSP00000332116
Caffeine	target	9606.ENSP00000308549
Sildenafil	target	9606.ENSP00000347046
Sildenafil	target	9606.ENSP00000266395
Sildenafil	target	9606.ENSP00000328412
Pyrimethamine	target	9606.ENSP00000396308
Adapalene	target	9606.ENSP00000332296
Adapalene	target	9606.ENSP00000352900
Adapalene	target	9606.ENSP00000419692
Adapalene	target	9606.ENSP00000377947
Adapalene	target	9606.ENSP00000363812
Adapalene	target	9606.ENSP00000254066
Pantoprazole	target	9606.ENSP00000262623
Glimepiride	target	9606.ENSP00000345708
Glimepiride	target	9606.ENSP00000374467
Glimepiride	target	9606.ENSP00000376432
Sotatercept	target	9606.ENSP00000270879
Sotatercept	target	9606.ENSP00000291744
Cobicistat	target	9606.ENSP00000337915
Desirudin	target	9606.ENSP00000308541
Conjugated Estrogen	target	9606.ENSP00000206249
Azelnidipine	target	9606.ENSP00000266376
ABT-751	target	9606.ENSP00000339001
Abiraterone acetate	target	9606.ENSP00000358903
Interferon beta 1	target	9606.ENSP00000343957
Interferon beta 1	target	9606.ENSP00000270139
Follitropin alpha	target	9606.ENSP00000384708
Levomefolate calcium	target	9606.ENSP00000315644
Canfosfamide	target	9606.ENSP00000381607
Iniparib	target	9606.ENSP00000355759
Lintuzumab	target	9606.ENSP00000262262
Zosuquidar trihydrochloride	target	9606.ENSP00000265724
Enzastaurin	target	9606.ENSP00000305355
Bazedoxifene	target	9606.ENSP00000343925
Bazedoxifene	target	9606.ENSP00000206249
O6-benzylguanine	target	9606.ENSP00000302111
Zotarolimus	target	9606.ENSP00000371138
Zibotentan	target	9606.ENSP00000315011
Zibotentan	target	9606.ENSP00000366416
Fimasartan	target	9606.ENSP00000360973
Romiplostim	target	9606.ENSP00000361548
Cediranib	target	9606.ENSP00000263923
Cediranib	target	9606.ENSP00000261937
Cediranib	target	9606.ENSP00000282397
Indacaterol maleate	target	9606.ENSP00000305372
Lixisenatide	target	9606.ENSP00000362353
Panobinostat	target	9606.ENSP00000362649
Casopitant	target	9606.ENSP00000303522
Pazopanib hydrochloride	target	9606.ENSP00000257290
Pazopanib hydrochloride	target	9606.ENSP00000263923
Pazopanib hydrochloride	target	9606.ENSP00000345492
Pazopanib hydrochloride	target	9606.ENSP00000339824
Pazopanib hydrochloride	target	9606.ENSP00000261937
Pazopanib hydrochloride	target	9606.ENSP00000282397
Pazopanib hydrochloride	target	9606.ENSP00000261799
Pazopanib hydrochloride	target	9606.ENSP00000338548
Pazopanib hydrochloride	target	9606.ENSP00000288135
Pazopanib hydrochloride	target	9606.ENSP00000398655
Obatoclax mesylate	target	9606.ENSP00000329623
GSK2190915	target	9606.ENSP00000369858
Dopexamine	target	9606.ENSP00000305372
Dopexamine	target	9606.ENSP00000358301
Tanezumab	target	9606.ENSP00000358525
SCH 900776	target	9606.ENSP00000388648
Trebananib	target	9606.ENSP00000314897
Trebananib	target	9606.ENSP00000428340
Teprotumumab	target	9606.ENSP00000268035
Ganitumab	target	9606.ENSP00000268035
Edoxaban	target	9606.ENSP00000364709
Obinutuzumab	target	9606.ENSP00000314620
Estradiol valerate	target	9606.ENSP00000206249
Brivaracetam	target	9606.ENSP00000358142
Somatokine	target	9606.ENSP00000370473
Ofatumumab	target	9606.ENSP00000314620
Enbrel	target	9606.ENSP00000356946
Enbrel	target	9606.ENSP00000403495
Enbrel	target	9606.ENSP00000271450
Enbrel	target	9606.ENSP00000358165
Enbrel	target	9606.ENSP00000294800
Enbrel	target	9606.ENSP00000351497
Enbrel	target	9606.ENSP00000351497
Enbrel	target	9606.ENSP00000363768
Enbrel	target	9606.ENSP00000313967
Enbrel	target	9606.ENSP00000363773
Enbrel	target	9606.ENSP00000328173
Enbrel	target	9606.ENSP00000365435
Enbrel	target	9606.ENSP00000398698
Leuprolide acetate	target	9606.ENSP00000226413
Goserelin acetate	target	9606.ENSP00000294954
Goserelin acetate	target	9606.ENSP00000226413
Reteplase	target	9606.ENSP00000339328
Reteplase	target	9606.ENSP00000306361
Reteplase	target	9606.ENSP00000308938
Reteplase	target	9606.ENSP00000223095
Anakinra	target	9606.ENSP00000233946
Insulin	target	9606.ENSP00000295666
Insulin	target	9606.ENSP00000263816
Insulin	target	9606.ENSP00000263033
Insulin	target	9606.ENSP00000386104
Insulin	target	9606.ENSP00000236671
Insulin	target	9606.ENSP00000308024
Insulin	target	9606.ENSP00000262545
Insulin	target	9606.ENSP00000265986
Insulin	target	9606.ENSP00000268035
Insulin	target	9606.ENSP00000259526
Insulin	target	9606.ENSP00000267163
Insulin	target	9606.ENSP00000303830
Interferon gamma-1b	target	9606.ENSP00000290219
Interferon gamma-1b	target	9606.ENSP00000356713
Epoetin-alpha	target	9606.ENSP00000222139
Pegfilgrastim	target	9606.ENSP00000362195
Pegfilgrastim	target	9606.ENSP00000263621
Sargramostim	target	9606.ENSP00000312134
Sargramostim	target	9606.ENSP00000384053
Sargramostim	target	9606.ENSP00000307046
Sargramostim	target	9606.ENSP00000327890
Ipilimumab	target	9606.ENSP00000303939
Vilanterol	target	9606.ENSP00000305372
Sulfonylurea	target	9606.ENSP00000374467
Sulfonylurea	target	9606.ENSP00000261200
Triptorelin	target	9606.ENSP00000226413
Testosterone	target	9606.ENSP00000260433
Testosterone	target	9606.ENSP00000363822
Drotrecogin alfa	target	9606.ENSP00000264613
Drotrecogin alfa	target	9606.ENSP00000308541
Drotrecogin alfa	target	9606.ENSP00000216968
Drotrecogin alfa	target	9606.ENSP00000356771
Drotrecogin alfa	target	9606.ENSP00000333203
Drotrecogin alfa	target	9606.ENSP00000223095
Drotrecogin alfa	target	9606.ENSP00000296029
Drotrecogin alfa	target	9606.ENSP00000233838
Drotrecogin alfa	target	9606.ENSP00000366307
Drotrecogin alfa	target	9606.ENSP00000353393
Drotrecogin alfa	target	9606.ENSP00000338358
Drotrecogin alfa	target	9606.ENSP00000377783
Ocrelizumab	target	9606.ENSP00000314620
Linifanib	target	9606.ENSP00000263923
Linifanib	target	9606.ENSP00000282397
Linifanib	target	9606.ENSP00000261799
Linifanib	target	9606.ENSP00000286301
Linifanib	target	9606.ENSP00000241453
Nicorandil	target	9606.ENSP00000261170
Dienogest	target	9606.ENSP00000325120
Linagliptin	target	9606.ENSP00000353731
Cholecalciferol	target	9606.ENSP00000447173
Neratinib	target	9606.ENSP00000269571
Medroxyprogeterone acetate	target	9606.ENSP00000206249
Medroxyprogeterone acetate	target	9606.ENSP00000325120
Campath 1H	target	9606.ENSP00000356946
Campath 1H	target	9606.ENSP00000363330
Campath 1H	target	9606.ENSP00000271450
Campath 1H	target	9606.ENSP00000363768
Campath 1H	target	9606.ENSP00000358165
Campath 1H	target	9606.ENSP00000313967
Campath 1H	target	9606.ENSP00000363773
Campath 1H	target	9606.ENSP00000294800
Campath 1H	target	9606.ENSP00000351497
Campath 1H	target	9606.ENSP00000351497
Ketorolac	target	9606.ENSP00000354612
Ketorolac	target	9606.ENSP00000356438
Olaparib	target	9606.ENSP00000250416
Olaparib	target	9606.ENSP00000355759
Telcagepant	target	9606.ENSP00000376177
Sepantronium bromide	target	9606.ENSP00000404121
Mesna	target	9606.ENSP00000358142
Mesna	target	9606.ENSP00000256119
Mesna	target	9606.ENSP00000352011
Mefloquine	target	9606.ENSP00000336630
Mefloquine	target	9606.ENSP00000322421
Potassium oxonate	target	9606.ENSP00000355155
Potassium oxonate	target	9606.ENSP00000303522
Articaine hydrochloride	target	9606.ENSP00000329623
Tirapazamine	target	9606.ENSP00000286301
Vildagliptin	target	9606.ENSP00000353731
1,2,4-trioxolane	target	9606.ENSP00000332816
Alagebrium	target	9606.ENSP00000321584
CI-1040	target	9606.ENSP00000265734
CI-1040	target	9606.ENSP00000257904
CI-1040	target	9606.ENSP00000378699
CI-1040	target	9606.ENSP00000370938
Afatinib	target	9606.ENSP00000342235
Afatinib	target	9606.ENSP00000269571
Afatinib	target	9606.ENSP00000275493
AEE788	target	9606.ENSP00000300060
Mizoribine	target	9606.ENSP00000217133
Emodin	target	9606.ENSP00000354522
Tubacin	target	9606.ENSP00000343957
Tubacin	target	9606.ENSP00000270139
Methylene blue	target	9606.ENSP00000353731
Docosahexaenoic acid	target	9606.ENSP00000297494
Docosahexaenoic acid	target	9606.ENSP00000327251
Naphthoquine	target	9606.ENSP00000269571
CP55940	target	9606.ENSP00000360608
Raclopride	target	9606.ENSP00000362361
Raclopride	target	9606.ENSP00000419782
Raclopride	target	9606.ENSP00000256443
SC144	target	9606.ENSP00000353770
Chitosan	target	9606.ENSP00000366506
Trimidox	target	9606.ENSP00000356436
Ec107fabI	target	9606.ENSP00000270202
NGR-hTNF	target	9606.ENSP00000260433
Interferon alfa	target	9606.ENSP00000408695
Interferon alfa	target	9606.ENSP00000305355
IL-27	target	9606.ENSP00000261707
IL-27	target	9606.ENSP00000265572
IL-27	target	9606.ENSP00000394624
IL-27	target	9606.ENSP00000219833
Interferon alfa-2a	target	9606.ENSP00000343957
Interferon alfa-2a	target	9606.ENSP00000270139
Phenazopyridine hydrochloride	target	9606.ENSP00000303540
Phenylpropanolamine	target	9606.ENSP00000280155
Phenylpropanolamine	target	9606.ENSP00000327652
Phenylpropanolamine	target	9606.ENSP00000369960
Phenylpropanolamine	target	9606.ENSP00000358301
Polythiazide	target	9606.ENSP00000402152
Pargyline hydrochloride	target	9606.ENSP00000367309
Pyrilamine maleate	target	9606.ENSP00000380247
Quinethazone	target	9606.ENSP00000402152
Reserpine	target	9606.ENSP00000298472
Reserpine	target	9606.ENSP00000276373
Trichlormethiazide	target	9606.ENSP00000402152
Trovafloxacin mesylate	target	9606.ENSP00000411532
Gemcitabine	target	9606.ENSP00000360939
Gemcitabine	target	9606.ENSP00000300738
Gemcitabine	target	9606.ENSP00000315644
Betamethasone	target	9606.ENSP00000231509
Epirubicin	target	9606.ENSP00000411532
Epirubicin	target	9606.ENSP00000284049
Lansoprazole	target	9606.ENSP00000262623
Loratadine	target	9606.ENSP00000380247
Montelukast	target	9606.ENSP00000363512
Montelukast	target	9606.ENSP00000362401
Fluoxetine	target	9606.ENSP00000261707
Chlordiazepoxide	target	9606.ENSP00000359334
Chlordiazepoxide	target	9606.ENSP00000335592
Chlordiazepoxide	target	9606.ENSP00000359329
Chlordiazepoxide	target	9606.ENSP00000386029
Chlordiazepoxide	target	9606.ENSP00000274547
Chlordiazepoxide	target	9606.ENSP00000359353
Chlordiazepoxide	target	9606.ENSP00000299267
Chlordiazepoxide	target	9606.ENSP00000023897
Chlordiazepoxide	target	9606.ENSP00000295452
Chlordiazepoxide	target	9606.ENSP00000348897
Chlordiazepoxide	target	9606.ENSP00000295454
Chlordiazepoxide	target	9606.ENSP00000471569
Chlordiazepoxide	target	9606.ENSP00000265294
Chlordiazepoxide	target	9606.ENSP00000331912
Chlordiazepoxide	target	9606.ENSP00000264318
Chlordiazepoxide	target	9606.ENSP00000367848
Chlordiazepoxide	target	9606.ENSP00000274545
Chlordiazepoxide	target	9606.ENSP00000412673
Lenalidomide	target	9606.ENSP00000231948
Lenalidomide	target	9606.ENSP00000344115
Lenalidomide	target	9606.ENSP00000356438
Lenalidomide	target	9606.ENSP00000239849
Raloxifene	target	9606.ENSP00000343925
Raloxifene	target	9606.ENSP00000206249
Dextromethorphan	target	9606.ENSP00000385026
Dextromethorphan	target	9606.ENSP00000261707
Dextromethorphan	target	9606.ENSP00000277010
Dextromethorphan	target	9606.ENSP00000355155
Albendazole	target	9606.ENSP00000301071
Albendazole	target	9606.ENSP00000341289
Trandolapril	target	9606.ENSP00000290866
Lercanidipine	target	9606.ENSP00000226021
Erlotinib	target	9606.ENSP00000336528
Erlotinib	target	9606.ENSP00000275493
Ciprofloxacin	target	9606.ENSP00000411532
Celecoxib	target	9606.ENSP00000344220
Celecoxib	target	9606.ENSP00000356438
Brimonidine	target	9606.ENSP00000280155
Brimonidine	target	9606.ENSP00000386069
Brimonidine	target	9606.ENSP00000387281
Pefloxacin	target	9606.ENSP00000411532
Fosinopril	target	9606.ENSP00000290866
Entacapone	target	9606.ENSP00000354511
Zidovudine	target	9606.ENSP00000309572
Oxycodone	target	9606.ENSP00000265572
Oxycodone	target	9606.ENSP00000234961
Oxycodone	target	9606.ENSP00000394624
Cimetidine	target	9606.ENSP00000366506
Vinorelbine	target	9606.ENSP00000339001
Clozapine	target	9606.ENSP00000372750
Clozapine	target	9606.ENSP00000337949
Clozapine	target	9606.ENSP00000307766
Clozapine	target	9606.ENSP00000280155
Clozapine	target	9606.ENSP00000358963
Clozapine	target	9606.ENSP00000367959
Clozapine	target	9606.ENSP00000306490
Clozapine	target	9606.ENSP00000313661
Clozapine	target	9606.ENSP00000354859
Clozapine	target	9606.ENSP00000387281
Clozapine	target	9606.ENSP00000373169
Clozapine	target	9606.ENSP00000327652
Clozapine	target	9606.ENSP00000256906
Clozapine	target	9606.ENSP00000276198
Clozapine	target	9606.ENSP00000306662
Clozapine	target	9606.ENSP00000380247
Clozapine	target	9606.ENSP00000289753
Clozapine	target	9606.ENSP00000316244
Clozapine	target	9606.ENSP00000369960
Clozapine	target	9606.ENSP00000252939
Clozapine	target	9606.ENSP00000255380
Clozapine	target	9606.ENSP00000386069
Clozapine	target	9606.ENSP00000319984
Clozapine	target	9606.ENSP00000409378
Levonorgestrel	target	9606.ENSP00000274192
Levonorgestrel	target	9606.ENSP00000206249
Levonorgestrel	target	9606.ENSP00000363822
Levonorgestrel	target	9606.ENSP00000325120
Meprobamate	target	9606.ENSP00000359334
Meprobamate	target	9606.ENSP00000335592
Meprobamate	target	9606.ENSP00000348897
Meprobamate	target	9606.ENSP00000023897
Meprobamate	target	9606.ENSP00000264318
Meprobamate	target	9606.ENSP00000274545
Timolol	target	9606.ENSP00000305372
Timolol	target	9606.ENSP00000358301
Amlodipine	target	9606.ENSP00000355192
Amlodipine	target	9606.ENSP00000288139
Amlodipine	target	9606.ENSP00000349320
Amlodipine	target	9606.ENSP00000256119
Amlodipine	target	9606.ENSP00000360406
Amlodipine	target	9606.ENSP00000266376
Amlodipine	target	9606.ENSP00000419101
Amlodipine	target	9606.ENSP00000320025
Triamterene	target	9606.ENSP00000353292
Triamterene	target	9606.ENSP00000345751
Triamterene	target	9606.ENSP00000368411
Triamterene	target	9606.ENSP00000300061
Phenylephrine	target	9606.ENSP00000368766
Phenylephrine	target	9606.ENSP00000306662
Phenylephrine	target	9606.ENSP00000369960
Nimodipine	target	9606.ENSP00000438949
Nimodipine	target	9606.ENSP00000355192
Nimodipine	target	9606.ENSP00000288139
Nimodipine	target	9606.ENSP00000242057
Nimodipine	target	9606.ENSP00000377840
Nimodipine	target	9606.ENSP00000365441
Nimodipine	target	9606.ENSP00000301050
Nimodipine	target	9606.ENSP00000266376
Nimodipine	target	9606.ENSP00000320025
Nimodipine	target	9606.ENSP00000341390
Beclomethasone	target	9606.ENSP00000231509
Dexbrompheniramine	target	9606.ENSP00000380247
Rosiglitazone	target	9606.ENSP00000287820
Rosiglitazone	target	9606.ENSP00000339787
Sorafenib	target	9606.ENSP00000251849
Sorafenib	target	9606.ENSP00000263923
Sorafenib	target	9606.ENSP00000288602
Sorafenib	target	9606.ENSP00000393312
Sorafenib	target	9606.ENSP00000347942
Sorafenib	target	9606.ENSP00000261937
Sorafenib	target	9606.ENSP00000282397
Sorafenib	target	9606.ENSP00000261799
Sorafenib	target	9606.ENSP00000288135
Sorafenib	target	9606.ENSP00000241453
Zoledronate	target	9606.ENSP00000282841
Zoledronate	target	9606.ENSP00000349078
Spironolactone	target	9606.ENSP00000363822
Spironolactone	target	9606.ENSP00000341390
Methocarbamol	target	9606.ENSP00000256119
Triprolidine	target	9606.ENSP00000380247
Trifluridine	target	9606.ENSP00000315644
Prochlorperazine	target	9606.ENSP00000354859
Bendroflumethiazide	target	9606.ENSP00000300900
Bendroflumethiazide	target	9606.ENSP00000402152
Bendroflumethiazide	target	9606.ENSP00000256119
Bendroflumethiazide	target	9606.ENSP00000285379
Cerivastatin	target	9606.ENSP00000287936
Trimethoprim	target	9606.ENSP00000315644
Trimethoprim	target	9606.ENSP00000396308
Toremifene	target	9606.ENSP00000206249
Pravastatin	target	9606.ENSP00000287936
Amphetamine	target	9606.ENSP00000296777
Amphetamine	target	9606.ENSP00000298472
Amphetamine	target	9606.ENSP00000275216
Amphetamine	target	9606.ENSP00000270349
Lorazepam	target	9606.ENSP00000359334
Lorazepam	target	9606.ENSP00000335592
Lorazepam	target	9606.ENSP00000359329
Lorazepam	target	9606.ENSP00000328973
Lorazepam	target	9606.ENSP00000386029
Lorazepam	target	9606.ENSP00000274547
Lorazepam	target	9606.ENSP00000359353
Lorazepam	target	9606.ENSP00000299267
Lorazepam	target	9606.ENSP00000023897
Lorazepam	target	9606.ENSP00000295452
Lorazepam	target	9606.ENSP00000348897
Lorazepam	target	9606.ENSP00000295454
Lorazepam	target	9606.ENSP00000471569
Lorazepam	target	9606.ENSP00000265294
Lorazepam	target	9606.ENSP00000331912
Lorazepam	target	9606.ENSP00000264318
Lorazepam	target	9606.ENSP00000367848
Lorazepam	target	9606.ENSP00000274545
Lorazepam	target	9606.ENSP00000412673
Phentermine	target	9606.ENSP00000261707
Phentermine	target	9606.ENSP00000340684
Phentermine	target	9606.ENSP00000219833
Phentermine	target	9606.ENSP00000367309
Phentermine	target	9606.ENSP00000270349
Progestrone	target	9606.ENSP00000358903
Progestrone	target	9606.ENSP00000206249
Progestrone	target	9606.ENSP00000341390
Progestrone	target	9606.ENSP00000325120
Moexipril	target	9606.ENSP00000252519
Moexipril	target	9606.ENSP00000290866
Phentolamine	target	9606.ENSP00000280155
Phentolamine	target	9606.ENSP00000369960
Daunorubicin	target	9606.ENSP00000396704
Daunorubicin	target	9606.ENSP00000411532
Dacarbazine	target	9606.ENSP00000265465
Dacarbazine	target	9606.ENSP00000270776
Terbutaline	target	9606.ENSP00000305372
Dobutamine	target	9606.ENSP00000305372
Dobutamine	target	9606.ENSP00000358301
Donepezil	target	9606.ENSP00000367959
Donepezil	target	9606.ENSP00000303211
Ticlopidine	target	9606.ENSP00000307259
Clomifene	target	9606.ENSP00000206249
Risedronate	target	9606.ENSP00000349078
Methylphenidate	target	9606.ENSP00000261707
Methylphenidate	target	9606.ENSP00000219833
Methylphenidate	target	9606.ENSP00000270349
Remifentanil	target	9606.ENSP00000265572
Remifentanil	target	9606.ENSP00000234961
Remifentanil	target	9606.ENSP00000394624
Ethacrynic acid	target	9606.ENSP00000370381
Ethacrynic acid	target	9606.ENSP00000295598
Ondansetron	target	9606.ENSP00000358963
Ondansetron	target	9606.ENSP00000394624
Ondansetron	target	9606.ENSP00000316244
Zonisamide	target	9606.ENSP00000328968
Zonisamide	target	9606.ENSP00000314407
Zonisamide	target	9606.ENSP00000178638
Zonisamide	target	9606.ENSP00000385019
Zonisamide	target	9606.ENSP00000386306
Zonisamide	target	9606.ENSP00000352011
Zonisamide	target	9606.ENSP00000396915
Zonisamide	target	9606.ENSP00000396320
Zonisamide	target	9606.ENSP00000285273
Zonisamide	target	9606.ENSP00000283256
Zonisamide	target	9606.ENSP00000303540
Zonisamide	target	9606.ENSP00000309649
Zonisamide	target	9606.ENSP00000334198
Zonisamide	target	9606.ENSP00000283254
Zonisamide	target	9606.ENSP00000285381
Zonisamide	target	9606.ENSP00000318912
Zonisamide	target	9606.ENSP00000367608
Zonisamide	target	9606.ENSP00000322460
Zonisamide	target	9606.ENSP00000366662
Zonisamide	target	9606.ENSP00000278947
Zonisamide	target	9606.ENSP00000314099
Zonisamide	target	9606.ENSP00000299333
Zonisamide	target	9606.ENSP00000285379
Zonisamide	target	9606.ENSP00000084798
Zonisamide	target	9606.ENSP00000300900
Zonisamide	target	9606.ENSP00000256119
Zonisamide	target	9606.ENSP00000340684
Zonisamide	target	9606.ENSP00000345659
Zonisamide	target	9606.ENSP00000358107
Zonisamide	target	9606.ENSP00000367309
Zonisamide	target	9606.ENSP00000307599
Tamsulosin	target	9606.ENSP00000368766
Tamsulosin	target	9606.ENSP00000306662
Tamsulosin	target	9606.ENSP00000369960
Oxymetazoline	target	9606.ENSP00000280155
Oxymetazoline	target	9606.ENSP00000369960
Fulvestrant	target	9606.ENSP00000206249
Conivaptan	target	9606.ENSP00000299178
Conivaptan	target	9606.ENSP00000338072
Pindolol	target	9606.ENSP00000358963
Pindolol	target	9606.ENSP00000305372
Pindolol	target	9606.ENSP00000316244
Pindolol	target	9606.ENSP00000358301
Azelastine	target	9606.ENSP00000380247
Isotretinoin	target	9606.ENSP00000254066
Rivastigmine	target	9606.ENSP00000264381
Rivastigmine	target	9606.ENSP00000303211
Ethanol	target	9606.ENSP00000209668
Ethanol	target	9606.ENSP00000355155
Ethanol	target	9606.ENSP00000218075
Ethanol	target	9606.ENSP00000023897
Ethanol	target	9606.ENSP00000306606
Ethanol	target	9606.ENSP00000411593
Cinacalcet	target	9606.ENSP00000420194
Clobetasol	target	9606.ENSP00000231509
Paricalcitol	target	9606.ENSP00000447173
Azacitidine	target	9606.ENSP00000352516
Methylprednisolone	target	9606.ENSP00000231509
Tolterodine	target	9606.ENSP00000372750
Tolterodine	target	9606.ENSP00000255380
Tolterodine	target	9606.ENSP00000306490
Tolterodine	target	9606.ENSP00000319984
Tolterodine	target	9606.ENSP00000409378
Memantine	target	9606.ENSP00000355155
Memantine	target	9606.ENSP00000279593
Memantine	target	9606.ENSP00000299847
Memantine	target	9606.ENSP00000332549
Exemestane	target	9606.ENSP00000260433
Azathioprine	target	9606.ENSP00000298556
Isoproterenol	target	9606.ENSP00000471914
Isoproterenol	target	9606.ENSP00000215832
Isoproterenol	target	9606.ENSP00000343782
Isoproterenol	target	9606.ENSP00000305372
Isoproterenol	target	9606.ENSP00000274335
Isoproterenol	target	9606.ENSP00000262741
Isoproterenol	target	9606.ENSP00000358301
Clonazepam	target	9606.ENSP00000359334
Clonazepam	target	9606.ENSP00000335592
Clonazepam	target	9606.ENSP00000359329
Clonazepam	target	9606.ENSP00000328973
Clonazepam	target	9606.ENSP00000386029
Clonazepam	target	9606.ENSP00000274547
Clonazepam	target	9606.ENSP00000359353
Clonazepam	target	9606.ENSP00000299267
Clonazepam	target	9606.ENSP00000023897
Clonazepam	target	9606.ENSP00000295452
Clonazepam	target	9606.ENSP00000348897
Clonazepam	target	9606.ENSP00000295454
Clonazepam	target	9606.ENSP00000471569
Clonazepam	target	9606.ENSP00000265294
Clonazepam	target	9606.ENSP00000331912
Clonazepam	target	9606.ENSP00000264318
Clonazepam	target	9606.ENSP00000367848
Clonazepam	target	9606.ENSP00000412673
Mycophenolate acid	target	9606.ENSP00000345096
Mycophenolate acid	target	9606.ENSP00000321584
Pilocarpine	target	9606.ENSP00000255380
Pilocarpine	target	9606.ENSP00000306490
Pilocarpine	target	9606.ENSP00000319984
Primaquine	target	9606.ENSP00000329243
Primaquine	target	9606.ENSP00000337773
Fluvastatin	target	9606.ENSP00000287936
Papaverine	target	9606.ENSP00000438284
Papaverine	target	9606.ENSP00000332116
Nifedipine	target	9606.ENSP00000355192
Nifedipine	target	9606.ENSP00000288139
Nifedipine	target	9606.ENSP00000349320
Nifedipine	target	9606.ENSP00000371985
Nifedipine	target	9606.ENSP00000334198
Nifedipine	target	9606.ENSP00000266376
Nifedipine	target	9606.ENSP00000349467
Nifedipine	target	9606.ENSP00000320025
Lubiprostone	target	9606.ENSP00000265593
Saxagliptin	target	9606.ENSP00000353731
Pertuzumab	target	9606.ENSP00000269571
Rilonacept	target	9606.ENSP00000263339
Rilonacept	target	9606.ENSP00000259206
Rilonacept	target	9606.ENSP00000263341
Gliclazide	target	9606.ENSP00000361125
Gliclazide	target	9606.ENSP00000374467
Dutasteride	target	9606.ENSP00000274192
Bicalutamide	target	9606.ENSP00000363822
Carvedilol	target	9606.ENSP00000282561
Carvedilol	target	9606.ENSP00000365651
Carvedilol	target	9606.ENSP00000361125
Carvedilol	target	9606.ENSP00000305372
Carvedilol	target	9606.ENSP00000294728
Carvedilol	target	9606.ENSP00000281031
Carvedilol	target	9606.ENSP00000262186
Carvedilol	target	9606.ENSP00000369960
Carvedilol	target	9606.ENSP00000358301
Leflunomide	target	9606.ENSP00000242057
Leflunomide	target	9606.ENSP00000219240
Leflunomide	target	9606.ENSP00000332816
Sertraline	target	9606.ENSP00000261707
Sertraline	target	9606.ENSP00000270349
Trimethaphan	target	9606.ENSP00000250699
Apixaban	target	9606.ENSP00000364709
Bosutinib	target	9606.ENSP00000319060
Bosutinib	target	9606.ENSP00000262948
Bosutinib	target	9606.ENSP00000303507
Bosutinib	target	9606.ENSP00000361423
Bosutinib	target	9606.ENSP00000343463
Bosutinib	target	9606.ENSP00000428924
Bosutinib	target	9606.ENSP00000266970
Bosutinib	target	9606.ENSP00000302486
Bosutinib	target	9606.ENSP00000350941
Bosutinib	target	9606.ENSP00000365012
Axitinib	target	9606.ENSP00000263923
Axitinib	target	9606.ENSP00000261937
Axitinib	target	9606.ENSP00000282397
Denosumab	target	9606.ENSP00000239849
Liraglutide	target	9606.ENSP00000362353
Desipramine	target	9606.ENSP00000261707
Desipramine	target	9606.ENSP00000372750
Desipramine	target	9606.ENSP00000367959
Desipramine	target	9606.ENSP00000306490
Desipramine	target	9606.ENSP00000380247
Desipramine	target	9606.ENSP00000340409
Desipramine	target	9606.ENSP00000369960
Desipramine	target	9606.ENSP00000255380
Desipramine	target	9606.ENSP00000319984
Desipramine	target	9606.ENSP00000409378
Desipramine	target	9606.ENSP00000305372
Desipramine	target	9606.ENSP00000219833
Desipramine	target	9606.ENSP00000358301
Cilostazol	target	9606.ENSP00000351957
Itraconazole	target	9606.ENSP00000003100
Insulin glulisine	target	9606.ENSP00000303830
Lithium	target	9606.ENSP00000264357
Lithium	target	9606.ENSP00000324806
Lithium	target	9606.ENSP00000408526
Lithium	target	9606.ENSP00000269159
Calcium	target	9606.ENSP00000291700
Calcium	target	9606.ENSP00000266376
Calcium	target	9606.ENSP00000349259
Calcium	target	9606.ENSP00000376914
Calcium	target	9606.ENSP00000349467
Calcium	target	9606.ENSP00000222271
Calcium	target	9606.ENSP00000232975
Calcium	target	9606.ENSP00000361636
Norelgestromin	target	9606.ENSP00000325120
Golimumab	target	9606.ENSP00000398698
Belatacept	target	9606.ENSP00000264246
Belatacept	target	9606.ENSP00000332049
Moclobemide	target	9606.ENSP00000340684
Escitalopram	target	9606.ENSP00000261707
Escitalopram	target	9606.ENSP00000306490
Escitalopram	target	9606.ENSP00000380247
Escitalopram	target	9606.ENSP00000219833
Escitalopram	target	9606.ENSP00000369960
Escitalopram	target	9606.ENSP00000270349
Idarubicin	target	9606.ENSP00000411532
Oxymorphone	target	9606.ENSP00000234961
Oxymorphone	target	9606.ENSP00000394624
Magnesium hydroxide	target	9606.ENSP00000295598
Tiotropium	target	9606.ENSP00000255380
Tiotropium	target	9606.ENSP00000306490
Tiotropium	target	9606.ENSP00000319984
Alfacalcidol	target	9606.ENSP00000228606
Alfacalcidol	target	9606.ENSP00000447173
Heroin	target	9606.ENSP00000265572
Heroin	target	9606.ENSP00000234961
Heroin	target	9606.ENSP00000394624
Buserelin	target	9606.ENSP00000294954
Buserelin	target	9606.ENSP00000226413
Cabazitaxel	target	9606.ENSP00000217133
Cabazitaxel	target	9606.ENSP00000248437
Plerixafor	target	9606.ENSP00000386884
Mitoxantrone	target	9606.ENSP00000411532
Anastrozole	target	9606.ENSP00000260433
Quetiapine	target	9606.ENSP00000372750
Quetiapine	target	9606.ENSP00000337949
Quetiapine	target	9606.ENSP00000307766
Quetiapine	target	9606.ENSP00000280155
Quetiapine	target	9606.ENSP00000358963
Quetiapine	target	9606.ENSP00000367959
Quetiapine	target	9606.ENSP00000306490
Quetiapine	target	9606.ENSP00000313661
Quetiapine	target	9606.ENSP00000354859
Quetiapine	target	9606.ENSP00000387281
Quetiapine	target	9606.ENSP00000373169
Quetiapine	target	9606.ENSP00000327652
Quetiapine	target	9606.ENSP00000276198
Quetiapine	target	9606.ENSP00000368766
Quetiapine	target	9606.ENSP00000306662
Quetiapine	target	9606.ENSP00000380247
Quetiapine	target	9606.ENSP00000289753
Quetiapine	target	9606.ENSP00000306129
Quetiapine	target	9606.ENSP00000316244
Quetiapine	target	9606.ENSP00000369960
Quetiapine	target	9606.ENSP00000255380
Quetiapine	target	9606.ENSP00000386069
Quetiapine	target	9606.ENSP00000319984
Quetiapine	target	9606.ENSP00000409378
Dextroamphetamine	target	9606.ENSP00000306662
Dextroamphetamine	target	9606.ENSP00000298472
Dextroamphetamine	target	9606.ENSP00000219833
Dextroamphetamine	target	9606.ENSP00000369960
Dextroamphetamine	target	9606.ENSP00000275216
Dextroamphetamine	target	9606.ENSP00000270349
Chenodeoxycholic acid	target	9606.ENSP00000370129
Solifenacin	target	9606.ENSP00000372750
Solifenacin	target	9606.ENSP00000255380
Solifenacin	target	9606.ENSP00000306490
Solifenacin	target	9606.ENSP00000319984
Solifenacin	target	9606.ENSP00000409378
Hydroxychloroquine	target	9606.ENSP00000370034
Hydroxychloroquine	target	9606.ENSP00000417517
Ticagrelor	target	9606.ENSP00000307259
Flurandrenolide	target	9606.ENSP00000231509
Guanethidine monosulfate	target	9606.ENSP00000219833
Hydroflumethiazide	target	9606.ENSP00000402152
Hydroxyamphetamine	target	9606.ENSP00000280155
Hydroxyamphetamine	target	9606.ENSP00000327652
Hydroxyamphetamine	target	9606.ENSP00000369960
Hydroxyamphetamine	target	9606.ENSP00000358301
Enoxaparin	target	9606.ENSP00000356671
Enoxaparin	target	9606.ENSP00000364709
Metoclopramide	target	9606.ENSP00000306490
Metoclopramide	target	9606.ENSP00000354859
Aripiprazole	target	9606.ENSP00000372750
Aripiprazole	target	9606.ENSP00000337949
Aripiprazole	target	9606.ENSP00000307766
Aripiprazole	target	9606.ENSP00000280155
Aripiprazole	target	9606.ENSP00000358963
Aripiprazole	target	9606.ENSP00000367959
Aripiprazole	target	9606.ENSP00000306490
Aripiprazole	target	9606.ENSP00000313661
Aripiprazole	target	9606.ENSP00000354859
Aripiprazole	target	9606.ENSP00000387281
Aripiprazole	target	9606.ENSP00000373169
Aripiprazole	target	9606.ENSP00000327652
Aripiprazole	target	9606.ENSP00000276198
Aripiprazole	target	9606.ENSP00000306662
Aripiprazole	target	9606.ENSP00000380247
Aripiprazole	target	9606.ENSP00000289753
Aripiprazole	target	9606.ENSP00000306129
Aripiprazole	target	9606.ENSP00000316244
Aripiprazole	target	9606.ENSP00000369960
Aripiprazole	target	9606.ENSP00000255380
Aripiprazole	target	9606.ENSP00000386069
Aripiprazole	target	9606.ENSP00000319984
Aripiprazole	target	9606.ENSP00000409378
Terlipressin	target	9606.ENSP00000299178
Terlipressin	target	9606.ENSP00000338072
Terlipressin	target	9606.ENSP00000356094
Niacinamide	target	9606.ENSP00000265016
Niacinamide	target	9606.ENSP00000445175
Niacinamide	target	9606.ENSP00000368552
Niacinamide	target	9606.ENSP00000355759
1-propanol	target	9606.ENSP00000261267
Uracil	target	9606.ENSP00000359211
Uracil	target	9606.ENSP00000346155
Fotemustine	target	9606.ENSP00000434516
Maraviroc	target	9606.ENSP00000292303
Ixabepilone	target	9606.ENSP00000320295
Nebivolol	target	9606.ENSP00000305372
Nebivolol	target	9606.ENSP00000358301
Pitavastatin	target	9606.ENSP00000287936
Rilpivirine	target	9606.ENSP00000336528
Teriflunomide	target	9606.ENSP00000219240
Aflibercept	target	9606.ENSP00000451040
Aflibercept	target	9606.ENSP00000361125
Aflibercept	target	9606.ENSP00000311127
Carfilzomib	target	9606.ENSP00000262193
Carfilzomib	target	9606.ENSP00000363993
Carfilzomib	target	9606.ENSP00000364016
Carfilzomib	target	9606.ENSP00000355325
Carfilzomib	target	9606.ENSP00000362334
Carfilzomib	target	9606.ENSP00000351314
Azilsartan	target	9606.ENSP00000273430
Clomipramine	target	9606.ENSP00000261707
Clomipramine	target	9606.ENSP00000276198
Clomipramine	target	9606.ENSP00000258400
Clomipramine	target	9606.ENSP00000367959
Clomipramine	target	9606.ENSP00000219833
Clomipramine	target	9606.ENSP00000381607
Lisdexamfetamine	target	9606.ENSP00000306662
Lisdexamfetamine	target	9606.ENSP00000270349
Panitumumab	target	9606.ENSP00000275493
Voglibose	target	9606.ENSP00000447378
Defibrotide	target	9606.ENSP00000336630
Defibrotide	target	9606.ENSP00000304501
Defibrotide	target	9606.ENSP00000308549
Vandetanib	target	9606.ENSP00000361125
Vandetanib	target	9606.ENSP00000369375
Vandetanib	target	9606.ENSP00000275493
Vandetanib	target	9606.ENSP00000217185
Fluticasone furoate	target	9606.ENSP00000231509
Canagliflozin	target	9606.ENSP00000327943
Canagliflozin	target	9606.ENSP00000266088
Dimethyl fumarate	target	9606.ENSP00000171111
Pomalidomide	target	9606.ENSP00000231948
Pomalidomide	target	9606.ENSP00000356438
Pomalidomide	target	9606.ENSP00000398698
Ranibizumab	target	9606.ENSP00000361125
Arformoterol	target	9606.ENSP00000305372
Exenatide	target	9606.ENSP00000362353
Iplex	target	9606.ENSP00000349437
Iplex	target	9606.ENSP00000370473
Iplex	target	9606.ENSP00000268035
Iplex	target	9606.ENSP00000303830
Sodium stibogluconate	target	9606.ENSP00000354522
Canakinumab	target	9606.ENSP00000263341
Isophane insulin	target	9606.ENSP00000303830
Recombinant human endostatin	target	9606.ENSP00000293379
Recombinant human endostatin	target	9606.ENSP00000303351
Azatadine maleate	target	9606.ENSP00000380247
Betaxolol hydrochloride	target	9606.ENSP00000358301
Bromodiphenhydramine	target	9606.ENSP00000380247
Chloramphenicol	target	9606.ENSP00000293379
Abatacept	target	9606.ENSP00000264246
Abatacept	target	9606.ENSP00000332049
Insulin aspart	target	9606.ENSP00000303830
Prasugrel	target	9606.ENSP00000307259
Tocilizumab	target	9606.ENSP00000357470
Teriparatide	target	9606.ENSP00000321999
Temsirolimus	target	9606.ENSP00000354558
Amisulpride	target	9606.ENSP00000337949
Amisulpride	target	9606.ENSP00000367959
Amisulpride	target	9606.ENSP00000373169
Amisulpride	target	9606.ENSP00000354859
Chlorothiazide	target	9606.ENSP00000402152
Deserpidine	target	9606.ENSP00000298472
Difenoxin	target	9606.ENSP00000394624
Dihydroergotamine mesylate	target	9606.ENSP00000280155
Dihydroergotamine mesylate	target	9606.ENSP00000358963
Dihydroergotamine mesylate	target	9606.ENSP00000258400
Dihydroergotamine mesylate	target	9606.ENSP00000313661
Edrophonium chloride	target	9606.ENSP00000264381
Edrophonium chloride	target	9606.ENSP00000303211
Estradiol cypionate	target	9606.ENSP00000343925
Estradiol cypionate	target	9606.ENSP00000206249
Estrogens, esterified	target	9606.ENSP00000343925
Estrogens, esterified	target	9606.ENSP00000206249
Fibrinolysin	target	9606.ENSP00000264870
Palifermin	target	9606.ENSP00000410294
Palifermin	target	9606.ENSP00000393312
Palifermin	target	9606.ENSP00000339824
Palifermin	target	9606.ENSP00000265371
Palifermin	target	9606.ENSP00000363827
Palifermin	target	9606.ENSP00000292408
Omalizumab	target	9606.ENSP00000357097
Omalizumab	target	9606.ENSP00000278888
Humalog	target	9606.ENSP00000268035
Humalog	target	9606.ENSP00000303830
Trospium chloride	target	9606.ENSP00000306490
Midodrine	target	9606.ENSP00000306662
Midodrine	target	9606.ENSP00000369960
Citalopram	target	9606.ENSP00000261707
Citalopram	target	9606.ENSP00000306490
Citalopram	target	9606.ENSP00000380247
Citalopram	target	9606.ENSP00000369960
Moxifloxacin	target	9606.ENSP00000411532
Droperidol	target	9606.ENSP00000354859
Droperidol	target	9606.ENSP00000369960
Meperidine	target	9606.ENSP00000265572
Meperidine	target	9606.ENSP00000279593
Meperidine	target	9606.ENSP00000293190
Meperidine	target	9606.ENSP00000360608
Meperidine	target	9606.ENSP00000332549
Meperidine	target	9606.ENSP00000263269
Prazosin	target	9606.ENSP00000463533
Prazosin	target	9606.ENSP00000368766
Prazosin	target	9606.ENSP00000306662
Prazosin	target	9606.ENSP00000331727
Prazosin	target	9606.ENSP00000262186
Prazosin	target	9606.ENSP00000369960
Ibandronate	target	9606.ENSP00000349078
Paroxetine	target	9606.ENSP00000261707
Paroxetine	target	9606.ENSP00000372750
Paroxetine	target	9606.ENSP00000367959
Paroxetine	target	9606.ENSP00000255380
Paroxetine	target	9606.ENSP00000306490
Paroxetine	target	9606.ENSP00000319984
Paroxetine	target	9606.ENSP00000409378
Paroxetine	target	9606.ENSP00000219833
Insulin glargine	target	9606.ENSP00000268035
Insulin glargine	target	9606.ENSP00000303830
Cetrorelix acetate	target	9606.ENSP00000294954
Cetrorelix acetate	target	9606.ENSP00000226413
Somatropin	target	9606.ENSP00000371432
Somatropin	target	9606.ENSP00000230882
Abciximab	target	9606.ENSP00000356946
Abciximab	target	9606.ENSP00000226218
Abciximab	target	9606.ENSP00000262407
Abciximab	target	9606.ENSP00000262017
Abciximab	target	9606.ENSP00000271450
Abciximab	target	9606.ENSP00000358165
Abciximab	target	9606.ENSP00000294800
Abciximab	target	9606.ENSP00000351497
Abciximab	target	9606.ENSP00000351497
Abciximab	target	9606.ENSP00000363768
Abciximab	target	9606.ENSP00000313967
Abciximab	target	9606.ENSP00000363773
Abciximab	target	9606.ENSP00000328173
Pregabalin	target	9606.ENSP00000353362
Ziprasidone	target	9606.ENSP00000372750
Ziprasidone	target	9606.ENSP00000337949
Ziprasidone	target	9606.ENSP00000307766
Ziprasidone	target	9606.ENSP00000280155
Ziprasidone	target	9606.ENSP00000358963
Ziprasidone	target	9606.ENSP00000367959
Ziprasidone	target	9606.ENSP00000306490
Ziprasidone	target	9606.ENSP00000313661
Ziprasidone	target	9606.ENSP00000354859
Ziprasidone	target	9606.ENSP00000387281
Ziprasidone	target	9606.ENSP00000373169
Ziprasidone	target	9606.ENSP00000327652
Ziprasidone	target	9606.ENSP00000276198
Ziprasidone	target	9606.ENSP00000306662
Ziprasidone	target	9606.ENSP00000380247
Ziprasidone	target	9606.ENSP00000289753
Ziprasidone	target	9606.ENSP00000306129
Ziprasidone	target	9606.ENSP00000316244
Ziprasidone	target	9606.ENSP00000369960
Ziprasidone	target	9606.ENSP00000255380
Ziprasidone	target	9606.ENSP00000386069
Ziprasidone	target	9606.ENSP00000319984
Ziprasidone	target	9606.ENSP00000409378
Carmustine	target	9606.ENSP00000221130
Duloxetine	target	9606.ENSP00000261707
Duloxetine	target	9606.ENSP00000219833
Duloxetine	target	9606.ENSP00000270349
Procaine	target	9606.ENSP00000385026
Procaine	target	9606.ENSP00000390600
Procaine	target	9606.ENSP00000355155
Procaine	target	9606.ENSP00000270349
Nitroglycerin	target	9606.ENSP00000357669
Nateglinide	target	9606.ENSP00000287820
Nateglinide	target	9606.ENSP00000374467
Risperidoene	target	9606.ENSP00000276198
Risperidoene	target	9606.ENSP00000280155
Risperidoene	target	9606.ENSP00000367959
Risperidoene	target	9606.ENSP00000313661
Risperidoene	target	9606.ENSP00000306662
Risperidoene	target	9606.ENSP00000354859
Risperidoene	target	9606.ENSP00000380247
Risperidoene	target	9606.ENSP00000387281
Risperidoene	target	9606.ENSP00000316244
Risperidoene	target	9606.ENSP00000369960
Risperidoene	target	9606.ENSP00000386069
Risperidoene	target	9606.ENSP00000373169
Risperidoene	target	9606.ENSP00000327652
Esomeprazole	target	9606.ENSP00000262623
Gemtuzumab ozogamicin	target	9606.ENSP00000356946
Gemtuzumab ozogamicin	target	9606.ENSP00000262262
Gemtuzumab ozogamicin	target	9606.ENSP00000271450
Gemtuzumab ozogamicin	target	9606.ENSP00000363768
Gemtuzumab ozogamicin	target	9606.ENSP00000358165
Gemtuzumab ozogamicin	target	9606.ENSP00000313967
Gemtuzumab ozogamicin	target	9606.ENSP00000363773
Gemtuzumab ozogamicin	target	9606.ENSP00000294800
Gemtuzumab ozogamicin	target	9606.ENSP00000328173
Gemtuzumab ozogamicin	target	9606.ENSP00000351497
Gemtuzumab ozogamicin	target	9606.ENSP00000351497
Interferon beta 1a	target	9606.ENSP00000343957
Interferon beta 1a	target	9606.ENSP00000270139
Eptifibatide	target	9606.ENSP00000262017
Infliximab	target	9606.ENSP00000398698
Follitropin beta	target	9606.ENSP00000384708
Vasopressin	target	9606.ENSP00000299178
Vasopressin	target	9606.ENSP00000338072
Vasopressin	target	9606.ENSP00000356094
Argatroban	target	9606.ENSP00000308541
Venlafaxine	target	9606.ENSP00000261707
Venlafaxine	target	9606.ENSP00000219833
Venlafaxine	target	9606.ENSP00000270349
Bleomycin sulfate	target	9606.ENSP00000367787
Bleomycin sulfate	target	9606.ENSP00000263274
Ropivacaine	target	9606.ENSP00000390600
Vinblastine	target	9606.ENSP00000339001
Vinblastine	target	9606.ENSP00000360266
Vinblastine	target	9606.ENSP00000251413
Vinblastine	target	9606.ENSP00000320797
Vinblastine	target	9606.ENSP00000357651
Vinblastine	target	9606.ENSP00000301071
Labetalol	target	9606.ENSP00000306662
Labetalol	target	9606.ENSP00000305372
Labetalol	target	9606.ENSP00000369960
Labetalol	target	9606.ENSP00000358301
Thiopental	target	9606.ENSP00000359334
Thiopental	target	9606.ENSP00000335592
Thiopental	target	9606.ENSP00000348897
Thiopental	target	9606.ENSP00000264426
Thiopental	target	9606.ENSP00000243167
Thiopental	target	9606.ENSP00000359285
Thiopental	target	9606.ENSP00000023897
Thiopental	target	9606.ENSP00000299847
Thiopental	target	9606.ENSP00000264318
Thiopental	target	9606.ENSP00000274545
Thiopental	target	9606.ENSP00000397026
Ivermectin	target	9606.ENSP00000299267
Ivermectin	target	9606.ENSP00000274093
Riluzole	target	9606.ENSP00000328968
Riluzole	target	9606.ENSP00000280612
Etodolac	target	9606.ENSP00000354612
Etodolac	target	9606.ENSP00000419692
Etodolac	target	9606.ENSP00000356438
Anti-thymocyte globulin	target	9606.ENSP00000349252
Anti-thymocyte globulin	target	9606.ENSP00000303351
Anti-thymocyte globulin	target	9606.ENSP00000262017
Anti-thymocyte globulin	target	9606.ENSP00000261023
Anti-thymocyte globulin	target	9606.ENSP00000356552
Anti-thymocyte globulin	target	9606.ENSP00000332049
Anti-thymocyte globulin	target	9606.ENSP00000011653
Anti-thymocyte globulin	target	9606.ENSP00000289429
Anti-thymocyte globulin	target	9606.ENSP00000351497
Filgrastim	target	9606.ENSP00000362195
Filgrastim	target	9606.ENSP00000263621
Octreotide	target	9606.ENSP00000350198
Octreotide	target	9606.ENSP00000293897
Octreotide	target	9606.ENSP00000267377
Interferon alfa-2b	target	9606.ENSP00000343957
Interferon alfa-2b	target	9606.ENSP00000270139
Basiliximab	target	9606.ENSP00000356946
Basiliximab	target	9606.ENSP00000271450
Basiliximab	target	9606.ENSP00000358165
Basiliximab	target	9606.ENSP00000294800
Basiliximab	target	9606.ENSP00000351497
Basiliximab	target	9606.ENSP00000216223
Basiliximab	target	9606.ENSP00000351497
Basiliximab	target	9606.ENSP00000363768
Basiliximab	target	9606.ENSP00000313967
Basiliximab	target	9606.ENSP00000363773
Basiliximab	target	9606.ENSP00000369293
Basiliximab	target	9606.ENSP00000328173
Pregnyl	target	9606.ENSP00000294954
Pregnyl	target	9606.ENSP00000384708
Desogestrel	target	9606.ENSP00000206249
Desogestrel	target	9606.ENSP00000325120
Bexarotene	target	9606.ENSP00000352900
Bexarotene	target	9606.ENSP00000419692
Bexarotene	target	9606.ENSP00000363812
Chloroquine	target	9606.ENSP00000417517
Chloroquine	target	9606.ENSP00000420168
Chloroquine	target	9606.ENSP00000398698
Methyltestosterone	target	9606.ENSP00000363822
Clopidogrel	target	9606.ENSP00000307259
Mometasone	target	9606.ENSP00000231509
Alprostadil	target	9606.ENSP00000292513
Alprostadil	target	9606.ENSP00000245457
Creatine	target	9606.ENSP00000221476
Creatine	target	9606.ENSP00000254035
Creatine	target	9606.ENSP00000253122
Creatine	target	9606.ENSP00000299198
Creatine	target	9606.ENSP00000403536
Creatine	target	9606.ENSP00000406577
Oxytocin	target	9606.ENSP00000324270
Oxytocin	target	9606.ENSP00000217386
Arginine hydrochloride	target	9606.ENSP00000307188
Arginine hydrochloride	target	9606.ENSP00000297494
Arginine hydrochloride	target	9606.ENSP00000261783
Arginine hydrochloride	target	9606.ENSP00000372390
Arginine hydrochloride	target	9606.ENSP00000298085
Arginine hydrochloride	target	9606.ENSP00000370128
Arginine hydrochloride	target	9606.ENSP00000253004
Arginine hydrochloride	target	9606.ENSP00000294517
Arginine hydrochloride	target	9606.ENSP00000327251
Fluorometholone	target	9606.ENSP00000231509
Hydromorphone	target	9606.ENSP00000265572
Hydromorphone	target	9606.ENSP00000234961
Hydromorphone	target	9606.ENSP00000394624
Pentobarbital	target	9606.ENSP00000359334
Pentobarbital	target	9606.ENSP00000335592
Pentobarbital	target	9606.ENSP00000348897
Pentobarbital	target	9606.ENSP00000264426
Pentobarbital	target	9606.ENSP00000359285
Pentobarbital	target	9606.ENSP00000023897
Pentobarbital	target	9606.ENSP00000299847
Pentobarbital	target	9606.ENSP00000264318
Pentobarbital	target	9606.ENSP00000274545
Pentobarbital	target	9606.ENSP00000397026
Floxuridine	target	9606.ENSP00000315644
Alendronate	target	9606.ENSP00000263708
Alendronate	target	9606.ENSP00000254667
Alendronate	target	9606.ENSP00000273398
Alendronate	target	9606.ENSP00000349078
Alendronate	target	9606.ENSP00000349932
Adenosine	target	9606.ENSP00000336630
Adenosine	target	9606.ENSP00000304501
Adenosine	target	9606.ENSP00000308549
Mebendazole	target	9606.ENSP00000301071
Mebendazole	target	9606.ENSP00000341289
Acamprosate	target	9606.ENSP00000355316
Acamprosate	target	9606.ENSP00000355155
Acamprosate	target	9606.ENSP00000306138
Acamprosate	target	9606.ENSP00000378492
Acamprosate	target	9606.ENSP00000282753
Tirofiban	target	9606.ENSP00000262407
Tirofiban	target	9606.ENSP00000262017
Sulfasalazine	target	9606.ENSP00000287820
Sulfasalazine	target	9606.ENSP00000363512
Sulfasalazine	target	9606.ENSP00000359424
Sulfasalazine	target	9606.ENSP00000354612
Sulfasalazine	target	9606.ENSP00000356438
Sulfasalazine	target	9606.ENSP00000280612
Sulfasalazine	target	9606.ENSP00000430684
Sulfasalazine	target	9606.ENSP00000265838
Tazarotene	target	9606.ENSP00000332296
Tazarotene	target	9606.ENSP00000377947
Tazarotene	target	9606.ENSP00000363812
Tazarotene	target	9606.ENSP00000254066
Tadalafil	target	9606.ENSP00000347046
Tadalafil	target	9606.ENSP00000286063
Mifepristone	target	9606.ENSP00000231509
Mifepristone	target	9606.ENSP00000325120
Vitamin D	target	9606.ENSP00000447173
Folic acid	target	9606.ENSP00000298223
Pyridoxine	target	9606.ENSP00000291565
Pimecrolimus	target	9606.ENSP00000354558
Pimecrolimus	target	9606.ENSP00000371138
Clobazam	target	9606.ENSP00000359334
Clobazam	target	9606.ENSP00000335592
Clobazam	target	9606.ENSP00000359329
Clobazam	target	9606.ENSP00000386029
Clobazam	target	9606.ENSP00000274547
Clobazam	target	9606.ENSP00000359353
Clobazam	target	9606.ENSP00000299267
Clobazam	target	9606.ENSP00000023897
Clobazam	target	9606.ENSP00000295452
Clobazam	target	9606.ENSP00000348897
Clobazam	target	9606.ENSP00000295454
Clobazam	target	9606.ENSP00000471569
Clobazam	target	9606.ENSP00000265294
Clobazam	target	9606.ENSP00000331912
Clobazam	target	9606.ENSP00000264318
Clobazam	target	9606.ENSP00000367848
Clobazam	target	9606.ENSP00000274545
Clobazam	target	9606.ENSP00000412673
Doxylamine succinate	target	9606.ENSP00000306490
Doxylamine succinate	target	9606.ENSP00000380247
Norepinephrine	target	9606.ENSP00000280155
Norepinephrine	target	9606.ENSP00000368766
Norepinephrine	target	9606.ENSP00000386069
Norepinephrine	target	9606.ENSP00000448059
Norepinephrine	target	9606.ENSP00000343782
Norepinephrine	target	9606.ENSP00000306662
Norepinephrine	target	9606.ENSP00000305372
Norepinephrine	target	9606.ENSP00000387281
Norepinephrine	target	9606.ENSP00000369960
Norepinephrine	target	9606.ENSP00000358301
Aprepitant	target	9606.ENSP00000303522
Midazolam	target	9606.ENSP00000359334
Midazolam	target	9606.ENSP00000335592
Midazolam	target	9606.ENSP00000359329
Midazolam	target	9606.ENSP00000386029
Midazolam	target	9606.ENSP00000274547
Midazolam	target	9606.ENSP00000359353
Midazolam	target	9606.ENSP00000299267
Midazolam	target	9606.ENSP00000023897
Midazolam	target	9606.ENSP00000295452
Midazolam	target	9606.ENSP00000348897
Midazolam	target	9606.ENSP00000295454
Midazolam	target	9606.ENSP00000471569
Midazolam	target	9606.ENSP00000265294
Midazolam	target	9606.ENSP00000331912
Midazolam	target	9606.ENSP00000264318
Midazolam	target	9606.ENSP00000367848
Midazolam	target	9606.ENSP00000274545
Midazolam	target	9606.ENSP00000412673
Fludrocortisone	target	9606.ENSP00000231509
Fludrocortisone	target	9606.ENSP00000363822
Fludrocortisone	target	9606.ENSP00000341390
Niacin	target	9606.ENSP00000299964
Niacin	target	9606.ENSP00000436714
Niacin	target	9606.ENSP00000378782
Niacin	target	9606.ENSP00000375066
Clofarabine	target	9606.ENSP00000368349
Clofarabine	target	9606.ENSP00000300738
Dexmedetomidine	target	9606.ENSP00000280155
Hydrocortisone	target	9606.ENSP00000257497
Hydrocortisone	target	9606.ENSP00000231509
Prilocaine	target	9606.ENSP00000328968
Tretinoin	target	9606.ENSP00000352900
Tretinoin	target	9606.ENSP00000249750
Tretinoin	target	9606.ENSP00000014914
Tretinoin	target	9606.ENSP00000237696
Tretinoin	target	9606.ENSP00000377947
Tretinoin	target	9606.ENSP00000363812
Tretinoin	target	9606.ENSP00000368253
Tretinoin	target	9606.ENSP00000297785
Perphenazine	target	9606.ENSP00000327652
Perphenazine	target	9606.ENSP00000354859
Perphenazine	target	9606.ENSP00000349467
Pseudoephedrine	target	9606.ENSP00000261707
Pseudoephedrine	target	9606.ENSP00000280155
Pseudoephedrine	target	9606.ENSP00000305372
Pseudoephedrine	target	9606.ENSP00000219833
Pseudoephedrine	target	9606.ENSP00000369960
Pseudoephedrine	target	9606.ENSP00000270349
Pseudoephedrine	target	9606.ENSP00000358301
Aspirin	target	9606.ENSP00000354612
Aspirin	target	9606.ENSP00000356438
Aspirin	target	9606.ENSP00000370254
Fexofenadine	target	9606.ENSP00000380247
Prednisone	target	9606.ENSP00000231509
Prednisone	target	9606.ENSP00000261465
Norgestimate	target	9606.ENSP00000206249
Norgestimate	target	9606.ENSP00000325120
Tetracycline	target	9606.ENSP00000368752
Telmisartan	target	9606.ENSP00000287820
Telmisartan	target	9606.ENSP00000273430
Desloratadine	target	9606.ENSP00000380247
Methyldopa	target	9606.ENSP00000280155
Prednisolone	target	9606.ENSP00000231509
Dipyridamole	target	9606.ENSP00000347046
Dipyridamole	target	9606.ENSP00000361965
Dipyridamole	target	9606.ENSP00000438284
Dipyridamole	target	9606.ENSP00000270474
Ethinyl Estradiol	target	9606.ENSP00000336528
Ethinyl Estradiol	target	9606.ENSP00000206249
Lomefloxacin	target	9606.ENSP00000411532
Hydrocodone	target	9606.ENSP00000234961
Hydrocodone	target	9606.ENSP00000394624
Formoterol	target	9606.ENSP00000305372
Cytarabine	target	9606.ENSP00000265421
Mepivacaine	target	9606.ENSP00000390600
Doxorubicin	target	9606.ENSP00000411532
Hydrochlorothiazide	target	9606.ENSP00000300900
Hydrochlorothiazide	target	9606.ENSP00000402152
Hydrochlorothiazide	target	9606.ENSP00000256119
Hydrochlorothiazide	target	9606.ENSP00000178638
Hydrochlorothiazide	target	9606.ENSP00000367608
Hydrochlorothiazide	target	9606.ENSP00000285379
Ezetimibe	target	9606.ENSP00000289547
Ezetimibe	target	9606.ENSP00000300060
Ezetimibe	target	9606.ENSP00000356591
Hydroxyurea	target	9606.ENSP00000300738
Letrozole	target	9606.ENSP00000260433
Cyclopentolate	target	9606.ENSP00000306490
Glyburide	target	9606.ENSP00000345708
Glyburide	target	9606.ENSP00000363868
Glyburide	target	9606.ENSP00000374467
Glyburide	target	9606.ENSP00000003084
Glyburide	target	9606.ENSP00000376432
Glyburide	target	9606.ENSP00000261200
Glyburide	target	9606.ENSP00000339960
Glyburide	target	9606.ENSP00000263817
Minocycline	target	9606.ENSP00000361405
Minocycline	target	9606.ENSP00000410076
Minocycline	target	9606.ENSP00000361125
Minocycline	target	9606.ENSP00000363512
Minocycline	target	9606.ENSP00000307786
Minocycline	target	9606.ENSP00000311032
Minocycline	target	9606.ENSP00000263341
Gabapentin	target	9606.ENSP00000349320
Gabapentin	target	9606.ENSP00000360406
Gabapentin	target	9606.ENSP00000418081
Gabapentin	target	9606.ENSP00000308549
Irbesartan	target	9606.ENSP00000360266
Irbesartan	target	9606.ENSP00000273430
Salbutamol	target	9606.ENSP00000305372
Salbutamol	target	9606.ENSP00000358301
Mercaptopurine	target	9606.ENSP00000298556
Cerulenin	target	9606.ENSP00000304592
Procainamide	target	9606.ENSP00000328968
Procainamide	target	9606.ENSP00000352516
Fenofibrate	target	9606.ENSP00000262735
Ketoprofen	target	9606.ENSP00000295683
Ketoprofen	target	9606.ENSP00000354612
Ketoprofen	target	9606.ENSP00000356438
Rifampin	target	9606.ENSP00000336528
Felodipine	target	9606.ENSP00000355192
Felodipine	target	9606.ENSP00000349320
Felodipine	target	9606.ENSP00000331574
Felodipine	target	9606.ENSP00000266376
Felodipine	target	9606.ENSP00000320025
Felodipine	target	9606.ENSP00000243052
Felodipine	target	9606.ENSP00000288139
Felodipine	target	9606.ENSP00000334198
Felodipine	target	9606.ENSP00000418081
Felodipine	target	9606.ENSP00000349467
Felodipine	target	9606.ENSP00000341390
Felodipine	target	9606.ENSP00000232975
Felodipine	target	9606.ENSP00000361636
Nitrendipine	target	9606.ENSP00000355192
Nitrendipine	target	9606.ENSP00000288139
Nitrendipine	target	9606.ENSP00000349320
Nitrendipine	target	9606.ENSP00000334198
Nitrendipine	target	9606.ENSP00000418081
Nitrendipine	target	9606.ENSP00000266376
Nitrendipine	target	9606.ENSP00000226021
Nitrendipine	target	9606.ENSP00000320025
Topotecan	target	9606.ENSP00000328835
Topotecan	target	9606.ENSP00000354522
Probenecid	target	9606.ENSP00000227638
Probenecid	target	9606.ENSP00000367102
Probenecid	target	9606.ENSP00000301891
Probenecid	target	9606.ENSP00000337335
Glipizide	target	9606.ENSP00000287820
Glipizide	target	9606.ENSP00000374467
Promethazine	target	9606.ENSP00000372750
Promethazine	target	9606.ENSP00000367959
Promethazine	target	9606.ENSP00000255380
Promethazine	target	9606.ENSP00000306490
Promethazine	target	9606.ENSP00000319984
Promethazine	target	9606.ENSP00000409378
Promethazine	target	9606.ENSP00000354859
Promethazine	target	9606.ENSP00000380247
Promethazine	target	9606.ENSP00000349467
Promethazine	target	9606.ENSP00000369960
Thalidomide	target	9606.ENSP00000410294
Thalidomide	target	9606.ENSP00000231948
Thalidomide	target	9606.ENSP00000226574
Thalidomide	target	9606.ENSP00000356438
Thalidomide	target	9606.ENSP00000398698
Gamma Hydroxybutyric Acid	target	9606.ENSP00000295454
Ibuprofen	target	9606.ENSP00000287820
Ibuprofen	target	9606.ENSP00000354612
Ibuprofen	target	9606.ENSP00000329623
Ibuprofen	target	9606.ENSP00000003084
Ibuprofen	target	9606.ENSP00000274024
Ibuprofen	target	9606.ENSP00000356438
Ibuprofen	target	9606.ENSP00000220809
Ibuprofen	target	9606.ENSP00000366307
Diphenhydramine	target	9606.ENSP00000380247
Atorvastatin	target	9606.ENSP00000353731
Atorvastatin	target	9606.ENSP00000242057
Atorvastatin	target	9606.ENSP00000287936
Diphenoxylate	target	9606.ENSP00000234961
Diphenoxylate	target	9606.ENSP00000394624
Fludarabine	target	9606.ENSP00000286648
Fludarabine	target	9606.ENSP00000368349
Fludarabine	target	9606.ENSP00000300738
Methamphetamine	target	9606.ENSP00000261707
Methamphetamine	target	9606.ENSP00000280155
Methamphetamine	target	9606.ENSP00000386069
Methamphetamine	target	9606.ENSP00000340684
Methamphetamine	target	9606.ENSP00000298472
Methamphetamine	target	9606.ENSP00000219833
Methamphetamine	target	9606.ENSP00000387281
Methamphetamine	target	9606.ENSP00000276373
Methamphetamine	target	9606.ENSP00000367309
Methamphetamine	target	9606.ENSP00000275216
Methamphetamine	target	9606.ENSP00000270349
Everolimus	target	9606.ENSP00000354558
Cilastatin	target	9606.ENSP00000261615
Rosuvastatin	target	9606.ENSP00000287936
Iloprost	target	9606.ENSP00000347689
Iloprost	target	9606.ENSP00000291294
Iloprost	target	9606.ENSP00000270474
Iloprost	target	9606.ENSP00000345502
Iloprost	target	9606.ENSP00000332116
Iloprost	target	9606.ENSP00000220809
Iloprost	target	9606.ENSP00000292513
Ketamine	target	9606.ENSP00000355155
Ketamine	target	9606.ENSP00000354859
Ketamine	target	9606.ENSP00000303522
Budesonide	target	9606.ENSP00000231509
Aminophylline	target	9606.ENSP00000430432
Aminophylline	target	9606.ENSP00000351957
Aminophylline	target	9606.ENSP00000308549
Paclitaxel	target	9606.ENSP00000217133
Paclitaxel	target	9606.ENSP00000336528
Paclitaxel	target	9606.ENSP00000329623
Paclitaxel	target	9606.ENSP00000353375
Paclitaxel	target	9606.ENSP00000340820
Paclitaxel	target	9606.ENSP00000353508
Pheniramine	target	9606.ENSP00000380247
Genistein	target	9606.ENSP00000320940
Genistein	target	9606.ENSP00000343925
Genistein	target	9606.ENSP00000206249
Genistein	target	9606.ENSP00000332816
Genistein	target	9606.ENSP00000399968
Genistein	target	9606.ENSP00000411532
LG100268	target	9606.ENSP00000363812
Calcipotriol	target	9606.ENSP00000447173
Vorinostat	target	9606.ENSP00000430432
Vorinostat	target	9606.ENSP00000362649
Vorinostat	target	9606.ENSP00000362674
Vorinostat	target	9606.ENSP00000302967
Vorinostat	target	9606.ENSP00000334061
17-DMAG	target	9606.ENSP00000335153
Capecitabine	target	9606.ENSP00000315644
Heparin	target	9606.ENSP00000356671
Heparin	target	9606.ENSP00000263686
Heparin	target	9606.ENSP00000364709
Miconazole	target	9606.ENSP00000271915
Miconazole	target	9606.ENSP00000297494
Miconazole	target	9606.ENSP00000274629
Miconazole	target	9606.ENSP00000331727
Miconazole	target	9606.ENSP00000258111
Miconazole	target	9606.ENSP00000264773
Miconazole	target	9606.ENSP00000262186
Miconazole	target	9606.ENSP00000327251
Miconazole	target	9606.ENSP00000463533
Miconazole	target	9606.ENSP00000351068
Miconazole	target	9606.ENSP00000319370
Miconazole	target	9606.ENSP00000262888
Dexamethasone	target	9606.ENSP00000257497
Dexamethasone	target	9606.ENSP00000231509
Dexamethasone	target	9606.ENSP00000327251
Dexamethasone	target	9606.ENSP00000368253
Levodopa	target	9606.ENSP00000373169
Levodopa	target	9606.ENSP00000327652
Levodopa	target	9606.ENSP00000354859
Levodopa	target	9606.ENSP00000306129
Sevoflurane	target	9606.ENSP00000215375
Sevoflurane	target	9606.ENSP00000354687
Sevoflurane	target	9606.ENSP00000371985
Sevoflurane	target	9606.ENSP00000285900
Sevoflurane	target	9606.ENSP00000023897
Sevoflurane	target	9606.ENSP00000411593
Sevoflurane	target	9606.ENSP00000376914
Flavopiridol	target	9606.ENSP00000362361
Flavopiridol	target	9606.ENSP00000419782
Flavopiridol	target	9606.ENSP00000164139
Flavopiridol	target	9606.ENSP00000265734
Flavopiridol	target	9606.ENSP00000257904
Flavopiridol	target	9606.ENSP00000256443
Flavopiridol	target	9606.ENSP00000266970
Flavopiridol	target	9606.ENSP00000378699
Flavopiridol	target	9606.ENSP00000370938
Flavopiridol	target	9606.ENSP00000275493
Alogliptin	target	9606.ENSP00000353731
Diazoxide	target	9606.ENSP00000402152
Diazoxide	target	9606.ENSP00000345708
Diazoxide	target	9606.ENSP00000256119
Diazoxide	target	9606.ENSP00000295598
Diazoxide	target	9606.ENSP00000285379
Rabeprazole	target	9606.ENSP00000262623
Proguanil	target	9606.ENSP00000396308
Chlorpheniramine	target	9606.ENSP00000261707
Chlorpheniramine	target	9606.ENSP00000380247
Chlorpheniramine	target	9606.ENSP00000219833
Chlorpheniramine	target	9606.ENSP00000270349
Atovaquone	target	9606.ENSP00000219240
Gemfibrozil	target	9606.ENSP00000262735
Docetaxel	target	9606.ENSP00000217133
Docetaxel	target	9606.ENSP00000329623
Docetaxel	target	9606.ENSP00000353375
Docetaxel	target	9606.ENSP00000340820
Docetaxel	target	9606.ENSP00000353508
Dasatinib	target	9606.ENSP00000337825
Dasatinib	target	9606.ENSP00000361423
Dasatinib	target	9606.ENSP00000324740
Dasatinib	target	9606.ENSP00000293328
Dasatinib	target	9606.ENSP00000261799
Dasatinib	target	9606.ENSP00000346671
Dasatinib	target	9606.ENSP00000350941
Dasatinib	target	9606.ENSP00000288135
Dasatinib	target	9606.ENSP00000427562
Dasatinib	target	9606.ENSP00000351209
Aliskiren	target	9606.ENSP00000272190
Arzoxifene	target	9606.ENSP00000361965
Arzoxifene	target	9606.ENSP00000368349
Tipifarnib	target	9606.ENSP00000270349
Lomeguatrib	target	9606.ENSP00000396308
Pioglitazone	target	9606.ENSP00000287820
Levofloxacin	target	9606.ENSP00000411532
Bupropion	target	9606.ENSP00000315602
Bupropion	target	9606.ENSP00000219833
Bupropion	target	9606.ENSP00000270349
Trimetrexate	target	9606.ENSP00000396308
Lapatinib	target	9606.ENSP00000269571
Lapatinib	target	9606.ENSP00000275493
Sitagliptin	target	9606.ENSP00000353731
Decitabine	target	9606.ENSP00000352516
Naphazoline hydrochloride	target	9606.ENSP00000280155
Naphazoline hydrochloride	target	9606.ENSP00000369960
Triclosan	target	9606.ENSP00000220764
Antazoline	target	9606.ENSP00000380247
Fingolimod	target	9606.ENSP00000328472
Levonordefrin	target	9606.ENSP00000219833
Levonordefrin	target	9606.ENSP00000369960
Sodium caprate	target	9606.ENSP00000359334
Sodium caprate	target	9606.ENSP00000348897
Sodium caprate	target	9606.ENSP00000328973
Arsenic trioxide	target	9606.ENSP00000360266
Arsenic trioxide	target	9606.ENSP00000227507
Arsenic trioxide	target	9606.ENSP00000215832
Arsenic trioxide	target	9606.ENSP00000270202
Arsenic trioxide	target	9606.ENSP00000263025
Arsenic trioxide	target	9606.ENSP00000430684
Arsenic trioxide	target	9606.ENSP00000434516
Orphenadrine	target	9606.ENSP00000390600
Orphenadrine	target	9606.ENSP00000355155
Orphenadrine	target	9606.ENSP00000360608
Orphenadrine	target	9606.ENSP00000380247
Orphenadrine	target	9606.ENSP00000219833
Orphenadrine	target	9606.ENSP00000263269
Orphenadrine	target	9606.ENSP00000234389
Sunitinib	target	9606.ENSP00000257290
Sunitinib	target	9606.ENSP00000263923
Sunitinib	target	9606.ENSP00000261937
Sunitinib	target	9606.ENSP00000282397
Sunitinib	target	9606.ENSP00000261799
Sunitinib	target	9606.ENSP00000288135
Sunitinib	target	9606.ENSP00000286301
Sunitinib	target	9606.ENSP00000241453
Hydralazine	target	9606.ENSP00000312326
Hydralazine	target	9606.ENSP00000263556
Tribendimidine	target	9606.ENSP00000371138
Arsenic sulfide	target	9606.ENSP00000359793
Arsenic sulfide	target	9606.ENSP00000292513
Hydroquinone	target	9606.ENSP00000287766
Hydroquinone	target	9606.ENSP00000268251
Scopadulciol acid	target	9606.ENSP00000443459
Scopadulciol acid	target	9606.ENSP00000349320
Scopadulciol acid	target	9606.ENSP00000360406
Scopadulciol acid	target	9606.ENSP00000308549
Naloxone	target	9606.ENSP00000363089
Naloxone	target	9606.ENSP00000265572
Naloxone	target	9606.ENSP00000234961
Naloxone	target	9606.ENSP00000387699
Naloxone	target	9606.ENSP00000394624
Naloxone	target	9606.ENSP00000206249
Brinzolamide	target	9606.ENSP00000300900
Brinzolamide	target	9606.ENSP00000256119
Brinzolamide	target	9606.ENSP00000309649
Brinzolamide	target	9606.ENSP00000285379
Mestranol	target	9606.ENSP00000206249
Colchicine	target	9606.ENSP00000339001
Colchicine	target	9606.ENSP00000217133
Drospirenone	target	9606.ENSP00000363822
Drospirenone	target	9606.ENSP00000341390
Drospirenone	target	9606.ENSP00000325120
Sodium butyrate	target	9606.ENSP00000361405
Sodium butyrate	target	9606.ENSP00000410076
Sodium butyrate	target	9606.ENSP00000307786
Sodium butyrate	target	9606.ENSP00000311032
Sodium butyrate	target	9606.ENSP00000263341
Dexketoprofen	target	9606.ENSP00000298556
Dexketoprofen	target	9606.ENSP00000345096
Perifosine	target	9606.ENSP00000262735
Taxane	target	9606.ENSP00000226574
Tegafur	target	9606.ENSP00000420168
Captopril	target	9606.ENSP00000361405
Captopril	target	9606.ENSP00000219070
Captopril	target	9606.ENSP00000290866
Levetiracetam	target	9606.ENSP00000358142
Levetiracetam	target	9606.ENSP00000360406
Nadolol	target	9606.ENSP00000305372
Nadolol	target	9606.ENSP00000358301
Vincristine	target	9606.ENSP00000339001
Vincristine	target	9606.ENSP00000248437
Benazepril	target	9606.ENSP00000290866
Fluorouracil	target	9606.ENSP00000315644
Lamotrigine	target	9606.ENSP00000283256
Propoxyphene	target	9606.ENSP00000265572
Propoxyphene	target	9606.ENSP00000234961
Propoxyphene	target	9606.ENSP00000394624
Simvastatin	target	9606.ENSP00000303242
Simvastatin	target	9606.ENSP00000287936
Pemetrexed	target	9606.ENSP00000236959
Pemetrexed	target	9606.ENSP00000371236
Pemetrexed	target	9606.ENSP00000315644
Pemetrexed	target	9606.ENSP00000396308
Irinotecan	target	9606.ENSP00000328835
Irinotecan	target	9606.ENSP00000354522
Etoposide	target	9606.ENSP00000396704
Etoposide	target	9606.ENSP00000411532
Ranitidine	target	9606.ENSP00000366506
Tacrolimus	target	9606.ENSP00000371138
Dorzolamide	target	9606.ENSP00000300900
Dorzolamide	target	9606.ENSP00000256119
Dorzolamide	target	9606.ENSP00000285379
Methotrexate	target	9606.ENSP00000396308
Carbamazepine	target	9606.ENSP00000328968
Leucovorin	target	9606.ENSP00000315644
Pentazocine	target	9606.ENSP00000277010
Pentazocine	target	9606.ENSP00000265572
Pentazocine	target	9606.ENSP00000394624
Latanoprost	target	9606.ENSP00000359793
Verapamil	target	9606.ENSP00000328968
Verapamil	target	9606.ENSP00000261707
Verapamil	target	9606.ENSP00000438949
Verapamil	target	9606.ENSP00000355192
Verapamil	target	9606.ENSP00000345708
Verapamil	target	9606.ENSP00000385019
Verapamil	target	9606.ENSP00000352011
Verapamil	target	9606.ENSP00000266376
Verapamil	target	9606.ENSP00000262186
Verapamil	target	9606.ENSP00000320025
Verapamil	target	9606.ENSP00000353362
Verapamil	target	9606.ENSP00000288139
Verapamil	target	9606.ENSP00000377840
Verapamil	target	9606.ENSP00000360406
Verapamil	target	9606.ENSP00000365441
Verapamil	target	9606.ENSP00000301050
Epinephrine	target	9606.ENSP00000280155
Epinephrine	target	9606.ENSP00000368766
Epinephrine	target	9606.ENSP00000448059
Epinephrine	target	9606.ENSP00000306662
Epinephrine	target	9606.ENSP00000305372
Epinephrine	target	9606.ENSP00000387281
Epinephrine	target	9606.ENSP00000369960
Epinephrine	target	9606.ENSP00000358301
Oxcarbazepine	target	9606.ENSP00000328968
Estradiol	target	9606.ENSP00000336528
Estradiol	target	9606.ENSP00000343925
Estradiol	target	9606.ENSP00000206249
Naproxen	target	9606.ENSP00000354612
Naproxen	target	9606.ENSP00000356438
Loteprednol Etabonate	target	9606.ENSP00000231509
Eprosartan	target	9606.ENSP00000273430
Rapamycin	target	9606.ENSP00000354558
Rapamycin	target	9606.ENSP00000264498
Rapamycin	target	9606.ENSP00000371138
Atropine	target	9606.ENSP00000372750
Atropine	target	9606.ENSP00000255380
Atropine	target	9606.ENSP00000306490
Atropine	target	9606.ENSP00000319984
Atropine	target	9606.ENSP00000409378
Clonidine	target	9606.ENSP00000280155
Clonidine	target	9606.ENSP00000386069
Clonidine	target	9606.ENSP00000387281
Propranolol	target	9606.ENSP00000358963
Propranolol	target	9606.ENSP00000343782
Propranolol	target	9606.ENSP00000305372
Propranolol	target	9606.ENSP00000316244
Propranolol	target	9606.ENSP00000358301
Sumatriptan	target	9606.ENSP00000358963
Sumatriptan	target	9606.ENSP00000313661
Sumatriptan	target	9606.ENSP00000322924
Sumatriptan	target	9606.ENSP00000316244
Tamoxifen	target	9606.ENSP00000343925
Tamoxifen	target	9606.ENSP00000206249
Losartan	target	9606.ENSP00000273430
Perindopril	target	9606.ENSP00000290866
Candesartan	target	9606.ENSP00000273430
Quinapril	target	9606.ENSP00000290866
Enalapril	target	9606.ENSP00000290866
Diclofenac	target	9606.ENSP00000363512
Diclofenac	target	9606.ENSP00000354612
Diclofenac	target	9606.ENSP00000352035
Diclofenac	target	9606.ENSP00000396320
Diclofenac	target	9606.ENSP00000373648
Diclofenac	target	9606.ENSP00000356438
Diclofenac	target	9606.ENSP00000364252
Fluticasone Propionate	target	9606.ENSP00000231509
Fluticasone Propionate	target	9606.ENSP00000341390
Fluticasone Propionate	target	9606.ENSP00000325120
Fluticasone Propionate	target	9606.ENSP00000356436
Mycophenolate mofetil	target	9606.ENSP00000345096
Mycophenolate mofetil	target	9606.ENSP00000321584
Furosemide	target	9606.ENSP00000370381
Furosemide	target	9606.ENSP00000285379
Warfarin	target	9606.ENSP00000378426
Gentamicin	target	9606.ENSP00000263816
Indapamide	target	9606.ENSP00000337255
Indapamide	target	9606.ENSP00000155840
Tropicamide	target	9606.ENSP00000255380
Tropicamide	target	9606.ENSP00000306490
Tropicamide	target	9606.ENSP00000319984
Tropicamide	target	9606.ENSP00000409378
Isosorbide Dinitrate	target	9606.ENSP00000357669
Didanosine	target	9606.ENSP00000354532
Methdilazine	target	9606.ENSP00000380247
Bimatoprost	target	9606.ENSP00000369927
Bimatoprost	target	9606.ENSP00000359793
Bimatoprost	target	9606.ENSP00000349003
Bimatoprost	target	9606.ENSP00000292513
Tiagabine	target	9606.ENSP00000287766
Fluocinolone Acetonide	target	9606.ENSP00000231509
Ethosuximide	target	9606.ENSP00000352011
Amiloride	target	9606.ENSP00000353292
Amiloride	target	9606.ENSP00000354193
Amiloride	target	9606.ENSP00000345751
Amiloride	target	9606.ENSP00000361850
Amiloride	target	9606.ENSP00000368411
Amiloride	target	9606.ENSP00000300061
Amiloride	target	9606.ENSP00000263980
Ergotamine	target	9606.ENSP00000280155
Ergotamine	target	9606.ENSP00000358963
Ergotamine	target	9606.ENSP00000367959
Ergotamine	target	9606.ENSP00000368766
Ergotamine	target	9606.ENSP00000313661
Ergotamine	target	9606.ENSP00000306662
Ergotamine	target	9606.ENSP00000354859
Ergotamine	target	9606.ENSP00000219833
Ergotamine	target	9606.ENSP00000387281
Ergotamine	target	9606.ENSP00000369960
Naltrexone	target	9606.ENSP00000265572
Naltrexone	target	9606.ENSP00000234961
Naltrexone	target	9606.ENSP00000394624
Norethindrone	target	9606.ENSP00000325120
Ribavirin	target	9606.ENSP00000286621
Ribavirin	target	9606.ENSP00000345096
Ribavirin	target	9606.ENSP00000339479
Ribavirin	target	9606.ENSP00000354238
Fentanyl	target	9606.ENSP00000265572
Fentanyl	target	9606.ENSP00000234961
Fentanyl	target	9606.ENSP00000394624
Propofol	target	9606.ENSP00000274547
Propofol	target	9606.ENSP00000299267
Propofol	target	9606.ENSP00000396320
Propofol	target	9606.ENSP00000283256
Ethynodiol Diacetate	target	9606.ENSP00000206249
Ethynodiol Diacetate	target	9606.ENSP00000325120
Amantadine	target	9606.ENSP00000355155
Amantadine	target	9606.ENSP00000354859
Quinidine	target	9606.ENSP00000328968
Quinidine	target	9606.ENSP00000355580
Quinidine	target	9606.ENSP00000263372
Quinidine	target	9606.ENSP00000262186
Repaglinide	target	9606.ENSP00000287820
Repaglinide	target	9606.ENSP00000374467
Bisoprolol	target	9606.ENSP00000305372
Bisoprolol	target	9606.ENSP00000358301
Amodiaquine	target	9606.ENSP00000280097
Rifabutin	target	9606.ENSP00000335153
Rifabutin	target	9606.ENSP00000299767
Lisinopril	target	9606.ENSP00000252519
Lisinopril	target	9606.ENSP00000290866
Homatropine Methylbromide	target	9606.ENSP00000372750
Homatropine Methylbromide	target	9606.ENSP00000255380
Homatropine Methylbromide	target	9606.ENSP00000306490
Homatropine Methylbromide	target	9606.ENSP00000319984
Homatropine Methylbromide	target	9606.ENSP00000409378
Pralidoxime	target	9606.ENSP00000264381
Pralidoxime	target	9606.ENSP00000303211
Loperamide	target	9606.ENSP00000265572
Loperamide	target	9606.ENSP00000234961
Loperamide	target	9606.ENSP00000394624
Loperamide	target	9606.ENSP00000349467
Loperamide	target	9606.ENSP00000264708
Loperamide	target	9606.ENSP00000353362
Diazepam	target	9606.ENSP00000359334
Diazepam	target	9606.ENSP00000335592
Diazepam	target	9606.ENSP00000359329
Diazepam	target	9606.ENSP00000328973
Diazepam	target	9606.ENSP00000386029
Diazepam	target	9606.ENSP00000274547
Diazepam	target	9606.ENSP00000359353
Diazepam	target	9606.ENSP00000299267
Diazepam	target	9606.ENSP00000023897
Diazepam	target	9606.ENSP00000295452
Diazepam	target	9606.ENSP00000348897
Diazepam	target	9606.ENSP00000295454
Diazepam	target	9606.ENSP00000471569
Diazepam	target	9606.ENSP00000265294
Diazepam	target	9606.ENSP00000331912
Diazepam	target	9606.ENSP00000367848
Diazepam	target	9606.ENSP00000412673
Brompheniramine	target	9606.ENSP00000372750
Brompheniramine	target	9606.ENSP00000255380
Brompheniramine	target	9606.ENSP00000306490
Brompheniramine	target	9606.ENSP00000319984
Brompheniramine	target	9606.ENSP00000409378
Brompheniramine	target	9606.ENSP00000380247
Buprenorphine	target	9606.ENSP00000265572
Buprenorphine	target	9606.ENSP00000234961
Buprenorphine	target	9606.ENSP00000394624
Famotidine	target	9606.ENSP00000366506
Misoprostol	target	9606.ENSP00000302846
Misoprostol	target	9606.ENSP00000349003
Misoprostol	target	9606.ENSP00000245457
Salmeterol	target	9606.ENSP00000305372
Imatinib	target	9606.ENSP00000257290
Imatinib	target	9606.ENSP00000361423
Imatinib	target	9606.ENSP00000261799
Imatinib	target	9606.ENSP00000431418
Imatinib	target	9606.ENSP00000288135
Imatinib	target	9606.ENSP00000365759
Imatinib	target	9606.ENSP00000286301
Triamcinolone	target	9606.ENSP00000231509
Bacitracin	target	9606.ENSP00000265986
Bacitracin	target	9606.ENSP00000323929
