Methyclothiazide	target	S12A3
Atrasentan	target	EDNRA
Lovastatin	target	ITAL
Lovastatin	target	HDAC2
Lovastatin	target	HMDH
Butalbital	target	GBRA3
Butalbital	target	GBRA5
Butalbital	target	GBRA2
Butalbital	target	GRIA2
Butalbital	target	ACHA4
Butalbital	target	GBRA1
Butalbital	target	ACHA7
Butalbital	target	GBRA4
Butalbital	target	GBRA6
Butalbital	target	GRIK2
Phenytoin	target	SCN5A
Phenytoin	target	SCN1A
Clotrimazole	target	KCNN4
Metoprolol	target	ADRB2
Metoprolol	target	ADRB1
Topiramate	target	CAH4
Topiramate	target	GRIK1
Topiramate	target	GBRA1
Topiramate	target	SCN1A
Topiramate	target	CAH2
Olmesartan	target	AGTR1
Theophylline	target	PDE5A
Theophylline	target	HDAC2
Theophylline	target	AA2AR
Theophylline	target	AA2BR
Theophylline	target	PDE4A
Theophylline	target	PDE3A
Theophylline	target	PDE4B
Theophylline	target	AA1R
Lidocaine	target	SCN5A
Lidocaine	target	SCNAA
Lidocaine	target	SCN9A
Lidocaine	target	EGFR
Clemastine	target	HRH1
Etonogestrel	target	ESR1
Etonogestrel	target	PRGR
Nitroprusside	target	ANPRA
Indomethacin	target	PPARG
Indomethacin	target	PGH1
Indomethacin	target	LGUL
Indomethacin	target	PD2R2
Indomethacin	target	PTGR2
Indomethacin	target	PGH2
Indomethacin	target	PA2GA
Metformin	target	AAKB1
Ipratropium	target	ACM3
Ipratropium	target	ACM1
Ipratropium	target	ACM2
Olanzapine	target	ACM5
Olanzapine	target	5HT7R
Olanzapine	target	5HT1E
Olanzapine	target	ADA2A
Olanzapine	target	5HT1B
Olanzapine	target	5HT2A
Olanzapine	target	ACM1
Olanzapine	target	5HT1D
Olanzapine	target	DRD2
Olanzapine	target	ADA2B
Olanzapine	target	DRD3
Olanzapine	target	DRD1
Olanzapine	target	5HT2C
Olanzapine	target	ADA1B
Olanzapine	target	HRH1
Olanzapine	target	5HT6R
Olanzapine	target	DRD5
Olanzapine	target	5HT1A
Olanzapine	target	ADA1A
Olanzapine	target	ACM3
Olanzapine	target	ADA2C
Olanzapine	target	ACM2
Olanzapine	target	ACM4
Atenolol	target	ADRB1
Omeprazole	target	ATP4A
Cetirizine	target	HRH1
Diltiazem	target	CCG1
Morphine	target	OPRK
Morphine	target	OPRD
Morphine	target	OPRM
Bupivacaine	target	SCNAA
Bupivacaine	target	PE2R1
Chlorthalidone	target	S12A1
Valproic Acid	target	ODO1
Valproic Acid	target	SSDH
Valproic Acid	target	HDAC9
Valproic Acid	target	ACDSB
Valproic Acid	target	GABT
Acetaminophen	target	PGH1
Acetaminophen	target	PGH2
Gefitinib	target	EGFR
Codeine	target	OPRK
Codeine	target	OPRD
Codeine	target	OPRM
Amitriptyline	target	SC6A4
Amitriptyline	target	ACM5
Amitriptyline	target	ADA2A
Amitriptyline	target	5HT2A
Amitriptyline	target	ADA1D
Amitriptyline	target	KCNA1
Amitriptyline	target	ACM1
Amitriptyline	target	KCND3
Amitriptyline	target	KCNQ2
Amitriptyline	target	HRH1
Amitriptyline	target	NTRK1
Amitriptyline	target	5HT1A
Amitriptyline	target	ADA1A
Amitriptyline	target	OPRK
Amitriptyline	target	OPRD
Amitriptyline	target	ACM3
Amitriptyline	target	KCND2
Amitriptyline	target	ACM2
Amitriptyline	target	ACM4
Amitriptyline	target	NTRK2
Amitriptyline	target	SC6A2
Cetuximab	target	FCG3A
Cetuximab	target	FCG2A
Cetuximab	target	C1QC
Cetuximab	target	FCGR1
Cetuximab	target	C1QB
Cetuximab	target	C1QA
Cetuximab	target	FCG3B
Cetuximab	target	C1S
Cetuximab	target	EGFR
Cetuximab	target	FCG2C
Cetuximab	target	FCG2B
Peginterferon alfa-2a	target	INAR2
Peginterferon alfa-2a	target	INAR1
Peginterferon alfa-2b	target	INAR2
Peginterferon alfa-2b	target	INAR1
Aldesleukin	target	IL2RA
Aldesleukin	target	IL2RB
Aldesleukin	target	IL2RG
Adalimumab	target	FCG3A
Adalimumab	target	FCG2A
Adalimumab	target	C1QC
Adalimumab	target	FCGR1
Adalimumab	target	C1QB
Adalimumab	target	C1QA
Adalimumab	target	FCG3B
Adalimumab	target	C1S
Adalimumab	target	FCG2C
Adalimumab	target	FCG2B
Adalimumab	target	TNFA
Trastuzumab	target	FCG3A
Trastuzumab	target	FCG2A
Trastuzumab	target	ERBB2
Trastuzumab	target	FCGR1
Trastuzumab	target	FCG3B
Trastuzumab	target	FCG2C
Trastuzumab	target	FCG2B
Trastuzumab	target	C1QC
Trastuzumab	target	C1QB
Trastuzumab	target	C1QA
Trastuzumab	target	C1S
Trastuzumab	target	EGFR
Rituximab	target	FCG3A
Rituximab	target	FCG2A
Rituximab	target	CD20
Rituximab	target	C1QC
Rituximab	target	FCGR1
Rituximab	target	C1QB
Rituximab	target	C1QA
Rituximab	target	FCG3B
Rituximab	target	C1S
Rituximab	target	FCG2C
Rituximab	target	FCG2B
Cyclosporine	target	CANB2
Cyclosporine	target	PPIA
Cyclosporine	target	CAMLG
Bevacizumab	target	FCG3A
Bevacizumab	target	VEGFA
Bevacizumab	target	FCG2A
Bevacizumab	target	C1QC
Bevacizumab	target	FCGR1
Bevacizumab	target	C1QB
Bevacizumab	target	C1QA
Bevacizumab	target	FCG3B
Bevacizumab	target	FCG2C
Bevacizumab	target	FCG2B
Vitamin B12CN	target	MMAA
Vitamin B12CN	target	MTRR
Vitamin B12CN	target	MTHR
Vitamin B12CN	target	MMAC
Vitamin B12CN	target	METH
Vitamin B12CN	target	MUTA
Valsartan	target	AGTR1
Ramipril	target	ACE
Bortezomib	target	PSB1
Bortezomib	target	PSB5
Bortezomib	target	PSB2
Bortezomib	target	PSMD1
Bortezomib	target	PSMD2
Carbidopa	target	DDC
Tramadol	target	SC6A4
Tramadol	target	5HT2C
Tramadol	target	NMD3A
Tramadol	target	OPRK
Tramadol	target	OPRD
Tramadol	target	ACM3
Tramadol	target	OPRM
Tramadol	target	ACHA7
Tramadol	target	SC6A2
Oseltamivir	target	NEUR2
Oseltamivir	target	EST1
Oseltamivir	target	NEUR1
Caffeine	target	RYR1
Caffeine	target	AA2AR
Caffeine	target	PDE4B
Caffeine	target	AA1R
Sildenafil	target	PDE5A
Sildenafil	target	CNCG
Sildenafil	target	CNRG
Pyrimethamine	target	DYR
Adapalene	target	RARB
Adapalene	target	RXRG
Adapalene	target	RXRA
Adapalene	target	RARG
Adapalene	target	RXRB
Adapalene	target	RARA
Pantoprazole	target	ATP4A
Glimepiride	target	KCJ11
Glimepiride	target	ABCC8
Glimepiride	target	KCNJ1
Sotatercept	target	FCN3
Sotatercept	target	FCN2
Cobicistat	target	CP3A4
Desirudin	target	THRB
Conjugated Estrogen	target	ESR1
Azelnidipine	target	CAC1C
ABT-751	target	TBB5
Abiraterone acetate	target	CP17A
Interferon beta 1	target	INAR2
Interferon beta 1	target	INAR1
Follitropin alpha	target	FSHR
Levomefolate calcium	target	TYSY
Canfosfamide	target	GSTP1
Iniparib	target	PARP1
Lintuzumab	target	CD33
Zosuquidar trihydrochloride	target	MDR1
Enzastaurin	target	KPCB
Bazedoxifene	target	ESR2
Bazedoxifene	target	ESR1
O6-benzylguanine	target	MGMT
Zotarolimus	target	FKB1A
Zibotentan	target	EDNRA
Zibotentan	target	EDNRB
Fimasartan	target	AGTR2
Romiplostim	target	TPOR
Cediranib	target	VGFR2
Cediranib	target	VGFR3
Cediranib	target	VGFR1
Indacaterol maleate	target	ADRB2
Lixisenatide	target	GLP1R
Panobinostat	target	HDAC1
Casopitant	target	NK1R
Pazopanib hydrochloride	target	PGFRA
Pazopanib hydrochloride	target	VGFR2
Pazopanib hydrochloride	target	SH2B3
Pazopanib hydrochloride	target	FGFR3
Pazopanib hydrochloride	target	VGFR3
Pazopanib hydrochloride	target	VGFR1
Pazopanib hydrochloride	target	PGFRB
Pazopanib hydrochloride	target	FGF1
Pazopanib hydrochloride	target	KIT
Pazopanib hydrochloride	target	ITK
Obatoclax mesylate	target	BCL2
GSK2190915	target	AL5AP
Dopexamine	target	ADRB2
Dopexamine	target	ADRB1
Tanezumab	target	NGF
SCH 900776	target	CHK1
Trebananib	target	ANGP2
Trebananib	target	ANGP1
Teprotumumab	target	IGF1R
Ganitumab	target	IGF1R
Edoxaban	target	FA10
Obinutuzumab	target	CD20
Estradiol valerate	target	ESR1
Brivaracetam	target	SV2A
Somatokine	target	IBP3
Ofatumumab	target	CD20
Enbrel	target	FCG3A
Enbrel	target	TNFB
Enbrel	target	FCG2A
Enbrel	target	FCGR1
Enbrel	target	FCG3B
Enbrel	target	FCG2C
Enbrel	target	FCG2B
Enbrel	target	C1QC
Enbrel	target	C1QB
Enbrel	target	C1QA
Enbrel	target	C1S
Enbrel	target	TNR1B
Enbrel	target	TNFA
Leuprolide acetate	target	GNRHR
Goserelin acetate	target	LSHR
Goserelin acetate	target	GNRHR
Reteplase	target	UPAR
Reteplase	target	FIBA
Reteplase	target	PLMN
Reteplase	target	PAI1
Anakinra	target	IL1R1
Insulin	target	IBP7
Insulin	target	LRP2
Insulin	target	SYTL4
Insulin	target	CBPE
Insulin	target	CATD
Insulin	target	NEC1
Insulin	target	NEC2
Insulin	target	IDE
Insulin	target	IGF1R
Insulin	target	NOV
Insulin	target	RB
Insulin	target	INSR
Interferon gamma-1b	target	INGR2
Interferon gamma-1b	target	INGR1
Epoetin-alpha	target	EPOR
Pegfilgrastim	target	CSF3R
Pegfilgrastim	target	ELNE
Sargramostim	target	PRG2
Sargramostim	target	IL3RB
Sargramostim	target	SDC2
Sargramostim	target	IL3RA
Ipilimumab	target	CTLA4
Vilanterol	target	ADRB2
Sulfonylurea	target	ABCC8
Sulfonylurea	target	ABCC9
Triptorelin	target	GNRHR
Testosterone	target	CP19A
Testosterone	target	ANDR
Drotrecogin alfa	target	CERU
Drotrecogin alfa	target	THRB
Drotrecogin alfa	target	EPCR
Drotrecogin alfa	target	FA5
Drotrecogin alfa	target	IPSP
Drotrecogin alfa	target	PAI1
Drotrecogin alfa	target	PLF4
Drotrecogin alfa	target	VKGC
Drotrecogin alfa	target	TRBM
Drotrecogin alfa	target	FA8
Drotrecogin alfa	target	SPB6
Drotrecogin alfa	target	PROS
Ocrelizumab	target	CD20
Linifanib	target	VGFR2
Linifanib	target	VGFR1
Linifanib	target	PGFRB
Linifanib	target	CSF1R
Linifanib	target	FLT3
Nicorandil	target	GUC2C
Dienogest	target	PRGR
Linagliptin	target	DPP4
Cholecalciferol	target	VDR
Neratinib	target	ERBB2
Medroxyprogeterone acetate	target	ESR1
Medroxyprogeterone acetate	target	PRGR
Campath 1H	target	FCG3A
Campath 1H	target	CD52
Campath 1H	target	FCG2A
Campath 1H	target	C1QC
Campath 1H	target	FCGR1
Campath 1H	target	C1QB
Campath 1H	target	C1QA
Campath 1H	target	FCG3B
Campath 1H	target	FCG2C
Campath 1H	target	FCG2B
Ketorolac	target	PGH1
Ketorolac	target	PGH2
Olaparib	target	PARP2
Olaparib	target	PARP1
Telcagepant	target	CALRL
Sepantronium bromide	target	ILF3
Mesna	target	SV2A
Mesna	target	CAH1
Mesna	target	CAC1G
Mefloquine	target	AA2AR
Mefloquine	target	HBA
Potassium oxonate	target	NMD3A
Potassium oxonate	target	NK1R
Articaine hydrochloride	target	BCL2
Tirapazamine	target	CSF1R
Vildagliptin	target	DPP4
1,2,4-trioxolane	target	FAK2
Alagebrium	target	IMDH2
CI-1040	target	CDK6
CI-1040	target	CDK4
CI-1040	target	CDK1
CI-1040	target	CDK8
Afatinib	target	ERBB4
Afatinib	target	ERBB2
Afatinib	target	EGFR
AEE788	target	AMPN
Mizoribine	target	TBB1
Emodin	target	TOP1
Tubacin	target	INAR2
Tubacin	target	INAR1
Methylene blue	target	DPP4
Docosahexaenoic acid	target	NOS3
Docosahexaenoic acid	target	NOS2
Naphthoquine	target	ERBB2
CP55940	target	NMDZ1
Raclopride	target	CDK9
Raclopride	target	CDK5
Raclopride	target	CDK7
SC144	target	RIR2
Chitosan	target	HRH2
Trimidox	target	PA24A
Ec107fabI	target	AKT1
NGR-hTNF	target	CP19A
Interferon alfa	target	KPCA
Interferon alfa	target	KPCB
IL-27	target	SC6A4
IL-27	target	OPRK
IL-27	target	OPRM
IL-27	target	SC6A2
Interferon alfa-2a	target	INAR2
Interferon alfa-2a	target	INAR1
Phenazopyridine hydrochloride	target	SCN1A
Phenylpropanolamine	target	ADA2A
Phenylpropanolamine	target	DRD1
Phenylpropanolamine	target	ADA1A
Phenylpropanolamine	target	ADRB1
Polythiazide	target	S12A3
Pargyline hydrochloride	target	AOFB
Pyrilamine maleate	target	HRH1
Quinethazone	target	S12A3
Reserpine	target	VMAT2
Reserpine	target	VMAT1
Trichlormethiazide	target	S12A3
Trovafloxacin mesylate	target	TOP2A
Gemcitabine	target	KCY
Gemcitabine	target	RIR1
Gemcitabine	target	TYSY
Betamethasone	target	GCR
Epirubicin	target	TOP2A
Epirubicin	target	CHD1
Lansoprazole	target	ATP4A
Loratadine	target	HRH1
Montelukast	target	LOX5
Montelukast	target	CLTR1
Fluoxetine	target	SC6A4
Chlordiazepoxide	target	GBRA3
Chlordiazepoxide	target	GBRA5
Chlordiazepoxide	target	GBRT
Chlordiazepoxide	target	GBRR2
Chlordiazepoxide	target	GBRB2
Chlordiazepoxide	target	GBRE
Chlordiazepoxide	target	GBRB3
Chlordiazepoxide	target	GBRA1
Chlordiazepoxide	target	GBRG1
Chlordiazepoxide	target	GBRA2
Chlordiazepoxide	target	GBRB1
Chlordiazepoxide	target	GBRR3
Chlordiazepoxide	target	GBRP
Chlordiazepoxide	target	GBRG3
Chlordiazepoxide	target	GBRA4
Chlordiazepoxide	target	GBRD
Chlordiazepoxide	target	GBRA6
Chlordiazepoxide	target	GBRR1
Lenalidomide	target	CRBN
Lenalidomide	target	CADH5
Lenalidomide	target	PGH2
Lenalidomide	target	TNF11
Raloxifene	target	ESR2
Raloxifene	target	ESR1
Dextromethorphan	target	ACHA2
Dextromethorphan	target	SC6A4
Dextromethorphan	target	SGMR1
Dextromethorphan	target	NMD3A
Albendazole	target	TBA1A
Albendazole	target	TBB4B
Trandolapril	target	ACE
Lercanidipine	target	CCG1
Erlotinib	target	NR1I2
Erlotinib	target	EGFR
Ciprofloxacin	target	TOP2A
Celecoxib	target	PDPK1
Celecoxib	target	PGH2
Brimonidine	target	ADA2A
Brimonidine	target	ADA2C
Brimonidine	target	ADA2B
Pefloxacin	target	TOP2A
Fosinopril	target	ACE
Entacapone	target	COMT
Zidovudine	target	TERT
Oxycodone	target	OPRK
Oxycodone	target	OPRD
Oxycodone	target	OPRM
Cimetidine	target	HRH2
Vinorelbine	target	TBB5
Clozapine	target	ACM5
Clozapine	target	5HT7R
Clozapine	target	5HT1E
Clozapine	target	ADA2A
Clozapine	target	5HT1B
Clozapine	target	5HT2A
Clozapine	target	ACM1
Clozapine	target	5HT1D
Clozapine	target	DRD2
Clozapine	target	ADA2B
Clozapine	target	DRD3
Clozapine	target	DRD1
Clozapine	target	HRH4
Clozapine	target	5HT2C
Clozapine	target	ADA1B
Clozapine	target	HRH1
Clozapine	target	5HT6R
Clozapine	target	5HT1A
Clozapine	target	ADA1A
Clozapine	target	CALY
Clozapine	target	ACM3
Clozapine	target	ADA2C
Clozapine	target	ACM2
Clozapine	target	ACM4
Levonorgestrel	target	S5A1
Levonorgestrel	target	ESR1
Levonorgestrel	target	ANDR
Levonorgestrel	target	PRGR
Meprobamate	target	GBRA3
Meprobamate	target	GBRA5
Meprobamate	target	GBRA2
Meprobamate	target	GBRA1
Meprobamate	target	GBRA4
Meprobamate	target	GBRA6
Timolol	target	ADRB2
Timolol	target	ADRB1
Amlodipine	target	CAC1S
Amlodipine	target	CAC1D
Amlodipine	target	CA2D1
Amlodipine	target	CAH1
Amlodipine	target	CAC1B
Amlodipine	target	CAC1C
Amlodipine	target	CA2D3
Amlodipine	target	CACB2
Triamterene	target	SCNNA
Triamterene	target	SCNNB
Triamterene	target	SCNND
Triamterene	target	SCNNG
Phenylephrine	target	ADA1D
Phenylephrine	target	ADA1B
Phenylephrine	target	ADA1A
Nimodipine	target	CACB4
Nimodipine	target	CAC1S
Nimodipine	target	CAC1D
Nimodipine	target	AHR
Nimodipine	target	CACB1
Nimodipine	target	CAC1F
Nimodipine	target	CACB3
Nimodipine	target	CAC1C
Nimodipine	target	CACB2
Nimodipine	target	MCR
Beclomethasone	target	GCR
Dexbrompheniramine	target	HRH1
Rosiglitazone	target	PPARG
Rosiglitazone	target	ACSL4
Sorafenib	target	RAF1
Sorafenib	target	VGFR2
Sorafenib	target	BRAF
Sorafenib	target	FGFR1
Sorafenib	target	RET
Sorafenib	target	VGFR3
Sorafenib	target	VGFR1
Sorafenib	target	PGFRB
Sorafenib	target	KIT
Sorafenib	target	FLT3
Zoledronate	target	GGPPS
Zoledronate	target	FPPS
Spironolactone	target	ANDR
Spironolactone	target	MCR
Methocarbamol	target	CAH1
Triprolidine	target	HRH1
Trifluridine	target	TYSY
Prochlorperazine	target	DRD2
Bendroflumethiazide	target	CAH4
Bendroflumethiazide	target	S12A3
Bendroflumethiazide	target	CAH1
Bendroflumethiazide	target	CAH2
Cerivastatin	target	HMDH
Trimethoprim	target	TYSY
Trimethoprim	target	DYR
Toremifene	target	ESR1
Pravastatin	target	HMDH
Amphetamine	target	CART
Amphetamine	target	VMAT2
Amphetamine	target	TAAR1
Amphetamine	target	SC6A3
Lorazepam	target	GBRA3
Lorazepam	target	GBRA5
Lorazepam	target	GBRT
Lorazepam	target	TSPOA
Lorazepam	target	GBRR2
Lorazepam	target	GBRB2
Lorazepam	target	GBRE
Lorazepam	target	GBRB3
Lorazepam	target	GBRA1
Lorazepam	target	GBRG1
Lorazepam	target	GBRA2
Lorazepam	target	GBRB1
Lorazepam	target	GBRR3
Lorazepam	target	GBRP
Lorazepam	target	GBRG3
Lorazepam	target	GBRA4
Lorazepam	target	GBRD
Lorazepam	target	GBRA6
Lorazepam	target	GBRR1
Phentermine	target	SC6A4
Phentermine	target	AOFA
Phentermine	target	SC6A2
Phentermine	target	AOFB
Phentermine	target	SC6A3
Progestrone	target	CP17A
Progestrone	target	ESR1
Progestrone	target	MCR
Progestrone	target	PRGR
Moexipril	target	ACE2
Moexipril	target	ACE
Phentolamine	target	ADA2A
Phentolamine	target	ADA1A
Daunorubicin	target	TOP2B
Daunorubicin	target	TOP2A
Dacarbazine	target	DPOA2
Dacarbazine	target	6PGD
Terbutaline	target	ADRB2
Dobutamine	target	ADRB2
Dobutamine	target	ADRB1
Donepezil	target	5HT2A
Donepezil	target	ACES
Ticlopidine	target	P2Y12
Clomifene	target	ESR1
Risedronate	target	FPPS
Methylphenidate	target	SC6A4
Methylphenidate	target	SC6A2
Methylphenidate	target	SC6A3
Remifentanil	target	OPRK
Remifentanil	target	OPRD
Remifentanil	target	OPRM
Ethacrynic acid	target	S12A1
Ethacrynic acid	target	AT1A1
Ondansetron	target	5HT1B
Ondansetron	target	OPRM
Ondansetron	target	5HT1A
Zonisamide	target	SCN5A
Zonisamide	target	CAH8
Zonisamide	target	CAH12
Zonisamide	target	CAC1I
Zonisamide	target	SCN9A
Zonisamide	target	CAC1G
Zonisamide	target	SCN1B
Zonisamide	target	SCN4A
Zonisamide	target	CAH10
Zonisamide	target	SCN2A
Zonisamide	target	SCN1A
Zonisamide	target	CAH5A
Zonisamide	target	CAC1H
Zonisamide	target	SCN3A
Zonisamide	target	CAH3
Zonisamide	target	CAH13
Zonisamide	target	CAH9
Zonisamide	target	SCN4B
Zonisamide	target	CAH6
Zonisamide	target	SCN2B
Zonisamide	target	CAH5B
Zonisamide	target	SCN3B
Zonisamide	target	CAH2
Zonisamide	target	CAH11
Zonisamide	target	CAH4
Zonisamide	target	CAH1
Zonisamide	target	AOFA
Zonisamide	target	CAH7
Zonisamide	target	CAH14
Zonisamide	target	AOFB
Zonisamide	target	SCNBA
Tamsulosin	target	ADA1D
Tamsulosin	target	ADA1B
Tamsulosin	target	ADA1A
Oxymetazoline	target	ADA2A
Oxymetazoline	target	ADA1A
Fulvestrant	target	ESR1
Conivaptan	target	V1AR
Conivaptan	target	V2R
Pindolol	target	5HT1B
Pindolol	target	ADRB2
Pindolol	target	5HT1A
Pindolol	target	ADRB1
Azelastine	target	HRH1
Isotretinoin	target	RARA
Rivastigmine	target	CHLE
Rivastigmine	target	ACES
Ethanol	target	ADH1A
Ethanol	target	NMD3A
Ethanol	target	GLRA2
Ethanol	target	GBRA1
Ethanol	target	ADH1B
Ethanol	target	GLRA1
Cinacalcet	target	CASR
Clobetasol	target	GCR
Paricalcitol	target	VDR
Azacitidine	target	DNMT1
Methylprednisolone	target	GCR
Tolterodine	target	ACM5
Tolterodine	target	ACM3
Tolterodine	target	ACM1
Tolterodine	target	ACM2
Tolterodine	target	ACM4
Memantine	target	NMD3A
Memantine	target	NMDE2
Memantine	target	ACHA7
Memantine	target	NMDE1
Exemestane	target	CP19A
Azathioprine	target	HPRT
Isoproterenol	target	P85B
Isoproterenol	target	MK01
Isoproterenol	target	ADRB3
Isoproterenol	target	ADRB2
Isoproterenol	target	P85A
Isoproterenol	target	P55G
Isoproterenol	target	ADRB1
Clonazepam	target	GBRA3
Clonazepam	target	GBRA5
Clonazepam	target	GBRT
Clonazepam	target	TSPOA
Clonazepam	target	GBRR2
Clonazepam	target	GBRB2
Clonazepam	target	GBRE
Clonazepam	target	GBRB3
Clonazepam	target	GBRA1
Clonazepam	target	GBRG1
Clonazepam	target	GBRA2
Clonazepam	target	GBRB1
Clonazepam	target	GBRR3
Clonazepam	target	GBRP
Clonazepam	target	GBRG3
Clonazepam	target	GBRA4
Clonazepam	target	GBRD
Clonazepam	target	GBRR1
Mycophenolate acid	target	IMDH1
Mycophenolate acid	target	IMDH2
Pilocarpine	target	ACM3
Pilocarpine	target	ACM1
Pilocarpine	target	ACM2
Primaquine	target	K2C7
Primaquine	target	NQO2
Fluvastatin	target	HMDH
Papaverine	target	PDE10
Papaverine	target	PDE4B
Nifedipine	target	CAC1S
Nifedipine	target	CAC1D
Nifedipine	target	CA2D1
Nifedipine	target	KCNA1
Nifedipine	target	CAC1H
Nifedipine	target	CAC1C
Nifedipine	target	CALM
Nifedipine	target	CACB2
Lubiprostone	target	CLCN2
Saxagliptin	target	DPP4
Pertuzumab	target	ERBB2
Rilonacept	target	IL1A
Rilonacept	target	IL1RA
Rilonacept	target	IL1B
Gliclazide	target	VEGFA
Gliclazide	target	ABCC8
Dutasteride	target	S5A1
Bicalutamide	target	ANDR
Carvedilol	target	CXA1
Carvedilol	target	ANFB
Carvedilol	target	VEGFA
Carvedilol	target	ADRB2
Carvedilol	target	VCAM1
Carvedilol	target	NDUC2
Carvedilol	target	KCNH2
Carvedilol	target	ADA1A
Carvedilol	target	ADRB1
Leflunomide	target	AHR
Leflunomide	target	PYRD
Leflunomide	target	FAK2
Sertraline	target	SC6A4
Sertraline	target	SC6A3
Trimethaphan	target	ACH10
Apixaban	target	FA10
Bosutinib	target	KCC2G
Bosutinib	target	MP2K2
Bosutinib	target	BCR
Bosutinib	target	ABL1
Bosutinib	target	M3K2
Bosutinib	target	LYN
Bosutinib	target	CDK2
Bosutinib	target	MP2K1
Bosutinib	target	SRC
Bosutinib	target	HCK
Axitinib	target	VGFR2
Axitinib	target	VGFR3
Axitinib	target	VGFR1
Denosumab	target	TNF11
Liraglutide	target	GLP1R
Desipramine	target	SC6A4
Desipramine	target	ACM5
Desipramine	target	5HT2A
Desipramine	target	ACM1
Desipramine	target	HRH1
Desipramine	target	ASM
Desipramine	target	ADA1A
Desipramine	target	ACM3
Desipramine	target	ACM2
Desipramine	target	ACM4
Desipramine	target	ADRB2
Desipramine	target	SC6A2
Desipramine	target	ADRB1
Cilostazol	target	PDE3A
Itraconazole	target	CP51A
Insulin glulisine	target	INSR
Lithium	target	GRIA3
Lithium	target	GSK3B
Lithium	target	IMPA1
Lithium	target	IMPA2
Calcium	target	S100B
Calcium	target	CAC1C
Calcium	target	SPTB2
Calcium	target	AT2C1
Calcium	target	CALM
Calcium	target	COMP
Calcium	target	TNNC1
Calcium	target	TNNC2
Norelgestromin	target	PRGR
Golimumab	target	TNFA
Belatacept	target	CD80
Belatacept	target	CD86
Moclobemide	target	AOFA
Escitalopram	target	SC6A4
Escitalopram	target	ACM1
Escitalopram	target	HRH1
Escitalopram	target	SC6A2
Escitalopram	target	ADA1A
Escitalopram	target	SC6A3
Idarubicin	target	TOP2A
Oxymorphone	target	OPRD
Oxymorphone	target	OPRM
Magnesium hydroxide	target	AT1A1
Tiotropium	target	ACM3
Tiotropium	target	ACM1
Tiotropium	target	ACM2
Alfacalcidol	target	CP27B
Alfacalcidol	target	VDR
Heroin	target	OPRK
Heroin	target	OPRD
Heroin	target	OPRM
Buserelin	target	LSHR
Buserelin	target	GNRHR
Cabazitaxel	target	TBB1
Cabazitaxel	target	TBA4A
Plerixafor	target	CXCR4
Mitoxantrone	target	TOP2A
Anastrozole	target	CP19A
Quetiapine	target	ACM5
Quetiapine	target	5HT7R
Quetiapine	target	5HT1E
Quetiapine	target	ADA2A
Quetiapine	target	5HT1B
Quetiapine	target	5HT2A
Quetiapine	target	ACM1
Quetiapine	target	5HT1D
Quetiapine	target	DRD2
Quetiapine	target	ADA2B
Quetiapine	target	DRD3
Quetiapine	target	DRD1
Quetiapine	target	5HT2C
Quetiapine	target	ADA1D
Quetiapine	target	ADA1B
Quetiapine	target	HRH1
Quetiapine	target	5HT6R
Quetiapine	target	DRD5
Quetiapine	target	5HT1A
Quetiapine	target	ADA1A
Quetiapine	target	ACM3
Quetiapine	target	ADA2C
Quetiapine	target	ACM2
Quetiapine	target	ACM4
Dextroamphetamine	target	ADA1B
Dextroamphetamine	target	VMAT2
Dextroamphetamine	target	SC6A2
Dextroamphetamine	target	ADA1A
Dextroamphetamine	target	TAAR1
Dextroamphetamine	target	SC6A3
Chenodeoxycholic acid	target	AK1C2
Solifenacin	target	ACM5
Solifenacin	target	ACM3
Solifenacin	target	ACM1
Solifenacin	target	ACM2
Solifenacin	target	ACM4
Hydroxychloroquine	target	TLR7
Hydroxychloroquine	target	TLR9
Ticagrelor	target	P2Y12
Flurandrenolide	target	GCR
Guanethidine monosulfate	target	SC6A2
Hydroflumethiazide	target	S12A3
Hydroxyamphetamine	target	ADA2A
Hydroxyamphetamine	target	DRD1
Hydroxyamphetamine	target	ADA1A
Hydroxyamphetamine	target	ADRB1
Enoxaparin	target	ANT3
Enoxaparin	target	FA10
Metoclopramide	target	ACM1
Metoclopramide	target	DRD2
Aripiprazole	target	ACM5
Aripiprazole	target	5HT7R
Aripiprazole	target	5HT1E
Aripiprazole	target	ADA2A
Aripiprazole	target	5HT1B
Aripiprazole	target	5HT2A
Aripiprazole	target	ACM1
Aripiprazole	target	5HT1D
Aripiprazole	target	DRD2
Aripiprazole	target	ADA2B
Aripiprazole	target	DRD3
Aripiprazole	target	DRD1
Aripiprazole	target	5HT2C
Aripiprazole	target	ADA1B
Aripiprazole	target	HRH1
Aripiprazole	target	5HT6R
Aripiprazole	target	DRD5
Aripiprazole	target	5HT1A
Aripiprazole	target	ADA1A
Aripiprazole	target	ACM3
Aripiprazole	target	ADA2C
Aripiprazole	target	ACM2
Aripiprazole	target	ACM4
Terlipressin	target	V1AR
Terlipressin	target	V2R
Terlipressin	target	V1BR
Niacinamide	target	BST1
Niacinamide	target	LDHA
Niacinamide	target	SIR5
Niacinamide	target	PARP1
1-propanol	target	LYSC
Uracil	target	DPYD
Uracil	target	UCKL1
Fotemustine	target	TRXR1
Maraviroc	target	CCR5
Ixabepilone	target	TBB3
Nebivolol	target	ADRB2
Nebivolol	target	ADRB1
Pitavastatin	target	HMDH
Rilpivirine	target	NR1I2
Teriflunomide	target	PYRD
Aflibercept	target	PLGF
Aflibercept	target	VEGFA
Aflibercept	target	VEGFB
Carfilzomib	target	PSB1
Carfilzomib	target	PSB9
Carfilzomib	target	PSB8
Carfilzomib	target	PSB5
Carfilzomib	target	PSB2
Carfilzomib	target	PSB10
Azilsartan	target	AGTR1
Clomipramine	target	SC6A4
Clomipramine	target	5HT2C
Clomipramine	target	5HT2B
Clomipramine	target	5HT2A
Clomipramine	target	SC6A2
Clomipramine	target	GSTP1
Lisdexamfetamine	target	ADA1B
Lisdexamfetamine	target	SC6A3
Panitumumab	target	EGFR
Voglibose	target	MGA
Defibrotide	target	AA2AR
Defibrotide	target	AA2BR
Defibrotide	target	AA1R
Vandetanib	target	VEGFA
Vandetanib	target	TIE2
Vandetanib	target	EGFR
Vandetanib	target	PTK6
Fluticasone furoate	target	GCR
Canagliflozin	target	SC5A2
Canagliflozin	target	SC5A1
Dimethyl fumarate	target	KEAP1
Pomalidomide	target	CRBN
Pomalidomide	target	PGH2
Pomalidomide	target	TNFA
Ranibizumab	target	VEGFA
Arformoterol	target	ADRB2
Exenatide	target	GLP1R
Iplex	target	MPRI
Iplex	target	IBP3
Iplex	target	IGF1R
Iplex	target	INSR
Sodium stibogluconate	target	TOP1
Canakinumab	target	IL1B
Isophane insulin	target	INSR
Recombinant human endostatin	target	ITA5
Recombinant human endostatin	target	ITB1
Azatadine maleate	target	HRH1
Betaxolol hydrochloride	target	ADRB1
Bromodiphenhydramine	target	HRH1
Chloramphenicol	target	ITA5
Abatacept	target	CD80
Abatacept	target	CD86
Insulin aspart	target	INSR
Prasugrel	target	P2Y12
Tocilizumab	target	IL6RA
Teriparatide	target	PTH1R
Temsirolimus	target	MTOR
Amisulpride	target	5HT7R
Amisulpride	target	5HT2A
Amisulpride	target	DRD3
Amisulpride	target	DRD2
Chlorothiazide	target	S12A3
Deserpidine	target	VMAT2
Difenoxin	target	OPRM
Dihydroergotamine mesylate	target	ADA2A
Dihydroergotamine mesylate	target	5HT1B
Dihydroergotamine mesylate	target	5HT2B
Dihydroergotamine mesylate	target	5HT1D
Edrophonium chloride	target	CHLE
Edrophonium chloride	target	ACES
Estradiol cypionate	target	ESR2
Estradiol cypionate	target	ESR1
Estrogens, esterified	target	ESR2
Estrogens, esterified	target	ESR1
Fibrinolysin	target	F13A
Palifermin	target	FGFR2
Palifermin	target	FGFR1
Palifermin	target	FGFR3
Palifermin	target	NRP1
Palifermin	target	PGBM
Palifermin	target	FGFR4
Omalizumab	target	FCERA
Omalizumab	target	FCERB
Humalog	target	IGF1R
Humalog	target	INSR
Trospium chloride	target	ACM1
Midodrine	target	ADA1B
Midodrine	target	ADA1A
Citalopram	target	SC6A4
Citalopram	target	ACM1
Citalopram	target	HRH1
Citalopram	target	ADA1A
Moxifloxacin	target	TOP2A
Droperidol	target	DRD2
Droperidol	target	ADA1A
Meperidine	target	OPRK
Meperidine	target	NMDE2
Meperidine	target	NMDE3
Meperidine	target	NMDZ1
Meperidine	target	NMDE1
Meperidine	target	NMDE4
Prazosin	target	KCNH6
Prazosin	target	ADA1D
Prazosin	target	ADA1B
Prazosin	target	KCNH7
Prazosin	target	KCNH2
Prazosin	target	ADA1A
Ibandronate	target	FPPS
Paroxetine	target	SC6A4
Paroxetine	target	ACM5
Paroxetine	target	5HT2A
Paroxetine	target	ACM3
Paroxetine	target	ACM1
Paroxetine	target	ACM2
Paroxetine	target	ACM4
Paroxetine	target	SC6A2
Insulin glargine	target	IGF1R
Insulin glargine	target	INSR
Cetrorelix acetate	target	LSHR
Cetrorelix acetate	target	GNRHR
Somatropin	target	PRLR
Somatropin	target	GHR
Abciximab	target	FCG3A
Abciximab	target	VTNC
Abciximab	target	ITA2B
Abciximab	target	ITB3
Abciximab	target	FCG2A
Abciximab	target	FCGR1
Abciximab	target	FCG3B
Abciximab	target	FCG2C
Abciximab	target	FCG2B
Abciximab	target	C1QC
Abciximab	target	C1QB
Abciximab	target	C1QA
Abciximab	target	C1S
Pregabalin	target	CAC1A
Ziprasidone	target	ACM5
Ziprasidone	target	5HT7R
Ziprasidone	target	5HT1E
Ziprasidone	target	ADA2A
Ziprasidone	target	5HT1B
Ziprasidone	target	5HT2A
Ziprasidone	target	ACM1
Ziprasidone	target	5HT1D
Ziprasidone	target	DRD2
Ziprasidone	target	ADA2B
Ziprasidone	target	DRD3
Ziprasidone	target	DRD1
Ziprasidone	target	5HT2C
Ziprasidone	target	ADA1B
Ziprasidone	target	HRH1
Ziprasidone	target	5HT6R
Ziprasidone	target	DRD5
Ziprasidone	target	5HT1A
Ziprasidone	target	ADA1A
Ziprasidone	target	ACM3
Ziprasidone	target	ADA2C
Ziprasidone	target	ACM2
Ziprasidone	target	ACM4
Carmustine	target	GSHR
Duloxetine	target	SC6A4
Duloxetine	target	SC6A2
Duloxetine	target	SC6A3
Procaine	target	ACHA2
Procaine	target	SCNAA
Procaine	target	NMD3A
Procaine	target	SC6A3
Nitroglycerin	target	ANPRA
Nateglinide	target	PPARG
Nateglinide	target	ABCC8
Risperidoene	target	5HT2C
Risperidoene	target	ADA2A
Risperidoene	target	5HT2A
Risperidoene	target	5HT1D
Risperidoene	target	ADA1B
Risperidoene	target	DRD2
Risperidoene	target	HRH1
Risperidoene	target	ADA2B
Risperidoene	target	5HT1A
Risperidoene	target	ADA1A
Risperidoene	target	ADA2C
Risperidoene	target	DRD3
Risperidoene	target	DRD1
Esomeprazole	target	ATP4A
Gemtuzumab ozogamicin	target	FCG3A
Gemtuzumab ozogamicin	target	CD33
Gemtuzumab ozogamicin	target	FCG2A
Gemtuzumab ozogamicin	target	C1QC
Gemtuzumab ozogamicin	target	FCGR1
Gemtuzumab ozogamicin	target	C1QB
Gemtuzumab ozogamicin	target	C1QA
Gemtuzumab ozogamicin	target	FCG3B
Gemtuzumab ozogamicin	target	C1S
Gemtuzumab ozogamicin	target	FCG2C
Gemtuzumab ozogamicin	target	FCG2B
Interferon beta 1a	target	INAR2
Interferon beta 1a	target	INAR1
Eptifibatide	target	ITB3
Infliximab	target	TNFA
Follitropin beta	target	FSHR
Vasopressin	target	V1AR
Vasopressin	target	V2R
Vasopressin	target	V1BR
Argatroban	target	THRB
Venlafaxine	target	SC6A4
Venlafaxine	target	SC6A2
Venlafaxine	target	SC6A3
Bleomycin sulfate	target	DNLI3
Bleomycin sulfate	target	DNLI1
Ropivacaine	target	SCNAA
Vinblastine	target	TBB5
Vinblastine	target	JUN
Vinblastine	target	TBG1
Vinblastine	target	TBD
Vinblastine	target	TBE
Vinblastine	target	TBA1A
Labetalol	target	ADA1B
Labetalol	target	ADRB2
Labetalol	target	ADA1A
Labetalol	target	ADRB1
Thiopental	target	GBRA3
Thiopental	target	GBRA5
Thiopental	target	GBRA2
Thiopental	target	GRIA2
Thiopental	target	FAAH1
Thiopental	target	ACHA4
Thiopental	target	GBRA1
Thiopental	target	ACHA7
Thiopental	target	GBRA4
Thiopental	target	GBRA6
Thiopental	target	GRIK2
Ivermectin	target	GBRB3
Ivermectin	target	GLRA3
Riluzole	target	SCN5A
Riluzole	target	XCT
Etodolac	target	PGH1
Etodolac	target	RXRA
Etodolac	target	PGH2
Anti-thymocyte globulin	target	ITAL
Anti-thymocyte globulin	target	ITB1
Anti-thymocyte globulin	target	ITB3
Anti-thymocyte globulin	target	ITAV
Anti-thymocyte globulin	target	HMR1
Anti-thymocyte globulin	target	CD86
Anti-thymocyte globulin	target	CD4
Anti-thymocyte globulin	target	CD1A
Anti-thymocyte globulin	target	FCG2B
Filgrastim	target	CSF3R
Filgrastim	target	ELNE
Octreotide	target	SSR2
Octreotide	target	SSR5
Octreotide	target	SSR1
Interferon alfa-2b	target	INAR2
Interferon alfa-2b	target	INAR1
Basiliximab	target	FCG3A
Basiliximab	target	FCG2A
Basiliximab	target	FCGR1
Basiliximab	target	FCG3B
Basiliximab	target	FCG2C
Basiliximab	target	IL2RB
Basiliximab	target	FCG2B
Basiliximab	target	C1QC
Basiliximab	target	C1QB
Basiliximab	target	C1QA
Basiliximab	target	IL2RA
Basiliximab	target	C1S
Pregnyl	target	LSHR
Pregnyl	target	FSHR
Desogestrel	target	ESR1
Desogestrel	target	PRGR
Bexarotene	target	RXRG
Bexarotene	target	RXRA
Bexarotene	target	RXRB
Chloroquine	target	TLR9
Chloroquine	target	GSTA2
Chloroquine	target	TNFA
Methyltestosterone	target	ANDR
Clopidogrel	target	P2Y12
Mometasone	target	GCR
Alprostadil	target	PE2R1
Alprostadil	target	PE2R2
Creatine	target	KCRM
Creatine	target	KCRS
Creatine	target	SC6A8
Creatine	target	KCRB
Creatine	target	GAMT
Creatine	target	KCRU
Oxytocin	target	OXYR
Oxytocin	target	NEU1
Arginine hydrochloride	target	ARLY
Arginine hydrochloride	target	NOS3
Arginine hydrochloride	target	ARGI2
Arginine hydrochloride	target	CTR4
Arginine hydrochloride	target	CTR3
Arginine hydrochloride	target	CTR1
Arginine hydrochloride	target	ASSY
Arginine hydrochloride	target	AZIN2
Arginine hydrochloride	target	NOS2
Fluorometholone	target	GCR
Hydromorphone	target	OPRK
Hydromorphone	target	OPRD
Hydromorphone	target	OPRM
Pentobarbital	target	GBRA3
Pentobarbital	target	GBRA5
Pentobarbital	target	GBRA2
Pentobarbital	target	GRIA2
Pentobarbital	target	ACHA4
Pentobarbital	target	GBRA1
Pentobarbital	target	ACHA7
Pentobarbital	target	GBRA4
Pentobarbital	target	GBRA6
Pentobarbital	target	GRIK2
Floxuridine	target	TYSY
Alendronate	target	PTN4
Alendronate	target	PTPRE
Alendronate	target	VATA
Alendronate	target	FPPS
Alendronate	target	PTPRS
Adenosine	target	AA2AR
Adenosine	target	AA2BR
Adenosine	target	AA1R
Mebendazole	target	TBA1A
Mebendazole	target	TBB4B
Acamprosate	target	GRM3
Acamprosate	target	NMD3A
Acamprosate	target	GRM5
Acamprosate	target	GRM2
Acamprosate	target	GRM1
Tirofiban	target	ITA2B
Tirofiban	target	ITB3
Sulfasalazine	target	PPARG
Sulfasalazine	target	LOX5
Sulfasalazine	target	IKKA
Sulfasalazine	target	PGH1
Sulfasalazine	target	PGH2
Sulfasalazine	target	XCT
Sulfasalazine	target	IKKB
Sulfasalazine	target	THIL
Tazarotene	target	RARB
Tazarotene	target	RARG
Tazarotene	target	RXRB
Tazarotene	target	RARA
Tadalafil	target	PDE5A
Tadalafil	target	PDE11
Mifepristone	target	GCR
Mifepristone	target	PRGR
Vitamin D	target	VDR
Folic acid	target	FOLR2
Pyridoxine	target	PDXK
Pimecrolimus	target	MTOR
Pimecrolimus	target	FKB1A
Clobazam	target	GBRA3
Clobazam	target	GBRA5
Clobazam	target	GBRT
Clobazam	target	GBRR2
Clobazam	target	GBRB2
Clobazam	target	GBRE
Clobazam	target	GBRB3
Clobazam	target	GBRA1
Clobazam	target	GBRG1
Clobazam	target	GBRA2
Clobazam	target	GBRB1
Clobazam	target	GBRR3
Clobazam	target	GBRP
Clobazam	target	GBRG3
Clobazam	target	GBRA4
Clobazam	target	GBRD
Clobazam	target	GBRA6
Clobazam	target	GBRR1
Doxylamine succinate	target	ACM1
Doxylamine succinate	target	HRH1
Norepinephrine	target	ADA2A
Norepinephrine	target	ADA1D
Norepinephrine	target	ADA2C
Norepinephrine	target	PH4H
Norepinephrine	target	ADRB3
Norepinephrine	target	ADA1B
Norepinephrine	target	ADRB2
Norepinephrine	target	ADA2B
Norepinephrine	target	ADA1A
Norepinephrine	target	ADRB1
Aprepitant	target	NK1R
Midazolam	target	GBRA3
Midazolam	target	GBRA5
Midazolam	target	GBRT
Midazolam	target	GBRR2
Midazolam	target	GBRB2
Midazolam	target	GBRE
Midazolam	target	GBRB3
Midazolam	target	GBRA1
Midazolam	target	GBRG1
Midazolam	target	GBRA2
Midazolam	target	GBRB1
Midazolam	target	GBRR3
Midazolam	target	GBRP
Midazolam	target	GBRG3
Midazolam	target	GBRA4
Midazolam	target	GBRD
Midazolam	target	GBRA6
Midazolam	target	GBRR1
Fludrocortisone	target	GCR
Fludrocortisone	target	ANDR
Fludrocortisone	target	MCR
Niacin	target	NNMT
Niacin	target	HCAR3
Niacin	target	NADC
Niacin	target	HCAR2
Clofarabine	target	DPOLA
Clofarabine	target	RIR1
Dexmedetomidine	target	ADA2A
Hydrocortisone	target	ANXA1
Hydrocortisone	target	GCR
Prilocaine	target	SCN5A
Tretinoin	target	RXRG
Tretinoin	target	AL1A2
Tretinoin	target	RAI3
Tretinoin	target	TIG1
Tretinoin	target	RARG
Tretinoin	target	RXRB
Tretinoin	target	NR0B1
Tretinoin	target	AL1A1
Perphenazine	target	DRD1
Perphenazine	target	DRD2
Perphenazine	target	CALM
Pseudoephedrine	target	SC6A4
Pseudoephedrine	target	ADA2A
Pseudoephedrine	target	ADRB2
Pseudoephedrine	target	SC6A2
Pseudoephedrine	target	ADA1A
Pseudoephedrine	target	SC6A3
Pseudoephedrine	target	ADRB1
Aspirin	target	PGH1
Aspirin	target	PGH2
Aspirin	target	AK1C1
Fexofenadine	target	HRH1
Prednisone	target	GCR
Prednisone	target	DHI1
Norgestimate	target	ESR1
Norgestimate	target	PRGR
Tetracycline	target	PRIO
Telmisartan	target	PPARG
Telmisartan	target	AGTR1
Desloratadine	target	HRH1
Methyldopa	target	ADA2A
Prednisolone	target	GCR
Dipyridamole	target	PDE5A
Dipyridamole	target	ADA
Dipyridamole	target	PDE10
Dipyridamole	target	PDE4A
Ethinyl Estradiol	target	NR1I2
Ethinyl Estradiol	target	ESR1
Lomefloxacin	target	TOP2A
Hydrocodone	target	OPRD
Hydrocodone	target	OPRM
Formoterol	target	ADRB2
Cytarabine	target	DPOLB
Mepivacaine	target	SCNAA
Doxorubicin	target	TOP2A
Hydrochlorothiazide	target	CAH4
Hydrochlorothiazide	target	S12A3
Hydrochlorothiazide	target	CAH1
Hydrochlorothiazide	target	CAH12
Hydrochlorothiazide	target	CAH9
Hydrochlorothiazide	target	CAH2
Ezetimibe	target	NPCL1
Ezetimibe	target	AMPN
Ezetimibe	target	SOAT1
Hydroxyurea	target	RIR1
Letrozole	target	CP19A
Cyclopentolate	target	ACM1
Glyburide	target	KCJ11
Glyburide	target	ABCA1
Glyburide	target	ABCC8
Glyburide	target	CFTR
Glyburide	target	KCNJ1
Glyburide	target	ABCC9
Glyburide	target	KCNJ5
Glyburide	target	ABCBB
Minocycline	target	MMP9
Minocycline	target	CASP1
Minocycline	target	VEGFA
Minocycline	target	LOX5
Minocycline	target	CYC
Minocycline	target	CASP3
Minocycline	target	IL1B
Gabapentin	target	CA2D1
Gabapentin	target	CAC1B
Gabapentin	target	CA2D2
Gabapentin	target	AA1R
Irbesartan	target	JUN
Irbesartan	target	AGTR1
Salbutamol	target	ADRB2
Salbutamol	target	ADRB1
Mercaptopurine	target	HPRT
Cerulenin	target	FAS
Procainamide	target	SCN5A
Procainamide	target	DNMT1
Fenofibrate	target	PPARA
Ketoprofen	target	CXCR1
Ketoprofen	target	PGH1
Ketoprofen	target	PGH2
Rifampin	target	NR1I2
Felodipine	target	CAC1S
Felodipine	target	CA2D1
Felodipine	target	PDE1A
Felodipine	target	CAC1C
Felodipine	target	CACB2
Felodipine	target	PDE1B
Felodipine	target	CAC1D
Felodipine	target	CAC1H
Felodipine	target	CA2D2
Felodipine	target	CALM
Felodipine	target	MCR
Felodipine	target	TNNC1
Felodipine	target	TNNC2
Nitrendipine	target	CAC1S
Nitrendipine	target	CAC1D
Nitrendipine	target	CA2D1
Nitrendipine	target	CAC1H
Nitrendipine	target	CA2D2
Nitrendipine	target	CAC1C
Nitrendipine	target	CCG1
Nitrendipine	target	CACB2
Topotecan	target	TOP1M
Topotecan	target	TOP1
Probenecid	target	PANX1
Probenecid	target	S22A6
Probenecid	target	S22AB
Probenecid	target	S22A8
Glipizide	target	PPARG
Glipizide	target	ABCC8
Promethazine	target	ACM5
Promethazine	target	5HT2A
Promethazine	target	ACM3
Promethazine	target	ACM1
Promethazine	target	ACM2
Promethazine	target	ACM4
Promethazine	target	DRD2
Promethazine	target	HRH1
Promethazine	target	CALM
Promethazine	target	ADA1A
Thalidomide	target	FGFR2
Thalidomide	target	CRBN
Thalidomide	target	NFKB1
Thalidomide	target	PGH2
Thalidomide	target	TNFA
Gamma Hydroxybutyric Acid	target	GBRB1
Ibuprofen	target	PPARG
Ibuprofen	target	PGH1
Ibuprofen	target	BCL2
Ibuprofen	target	CFTR
Ibuprofen	target	FABPI
Ibuprofen	target	PGH2
Ibuprofen	target	TPA
Ibuprofen	target	TRBM
Diphenhydramine	target	HRH1
Atorvastatin	target	DPP4
Atorvastatin	target	AHR
Atorvastatin	target	HMDH
Diphenoxylate	target	OPRD
Diphenoxylate	target	OPRM
Fludarabine	target	DCK
Fludarabine	target	DPOLA
Fludarabine	target	RIR1
Methamphetamine	target	SC6A4
Methamphetamine	target	ADA2A
Methamphetamine	target	ADA2C
Methamphetamine	target	AOFA
Methamphetamine	target	VMAT2
Methamphetamine	target	SC6A2
Methamphetamine	target	ADA2B
Methamphetamine	target	VMAT1
Methamphetamine	target	AOFB
Methamphetamine	target	TAAR1
Methamphetamine	target	SC6A3
Everolimus	target	MTOR
Cilastatin	target	DPEP1
Rosuvastatin	target	HMDH
Iloprost	target	PDE4C
Iloprost	target	PI2R
Iloprost	target	PDE4A
Iloprost	target	PDE4D
Iloprost	target	PDE4B
Iloprost	target	TPA
Iloprost	target	PE2R1
Ketamine	target	NMD3A
Ketamine	target	DRD2
Ketamine	target	NK1R
Budesonide	target	GCR
Aminophylline	target	HDAC2
Aminophylline	target	PDE3A
Aminophylline	target	AA1R
Paclitaxel	target	TBB1
Paclitaxel	target	NR1I2
Paclitaxel	target	BCL2
Paclitaxel	target	MAP4
Paclitaxel	target	TAU
Paclitaxel	target	MTAP2
Pheniramine	target	HRH1
Genistein	target	NCOA1
Genistein	target	ESR2
Genistein	target	ESR1
Genistein	target	FAK2
Genistein	target	NCOA2
Genistein	target	TOP2A
LG100268	target	RXRB
Calcipotriol	target	VDR
Vorinostat	target	HDAC2
Vorinostat	target	HDAC1
Vorinostat	target	HDAC8
Vorinostat	target	HDAC3
Vorinostat	target	HDAC6
17-DMAG	target	HS90A
Capecitabine	target	TYSY
Heparin	target	ANT3
Heparin	target	LYAM3
Heparin	target	FA10
Miconazole	target	KCNN3
Miconazole	target	NOS3
Miconazole	target	KCMB1
Miconazole	target	KCNH7
Miconazole	target	KCMB4
Miconazole	target	KCNN2
Miconazole	target	KCNH2
Miconazole	target	NOS2
Miconazole	target	KCNH6
Miconazole	target	KCMB2
Miconazole	target	KCMB3
Miconazole	target	KCNN4
Dexamethasone	target	ANXA1
Dexamethasone	target	GCR
Dexamethasone	target	NOS2
Dexamethasone	target	NR0B1
Levodopa	target	DRD3
Levodopa	target	DRD1
Levodopa	target	DRD2
Levodopa	target	DRD5
Sevoflurane	target	ATPD
Sevoflurane	target	NU1M
Sevoflurane	target	KCNA1
Sevoflurane	target	GRIA1
Sevoflurane	target	GBRA1
Sevoflurane	target	GLRA1
Sevoflurane	target	AT2C1
Flavopiridol	target	CDK9
Flavopiridol	target	CDK5
Flavopiridol	target	PYGM
Flavopiridol	target	CDK6
Flavopiridol	target	CDK4
Flavopiridol	target	CDK7
Flavopiridol	target	CDK2
Flavopiridol	target	CDK1
Flavopiridol	target	CDK8
Flavopiridol	target	EGFR
Alogliptin	target	DPP4
Diazoxide	target	S12A3
Diazoxide	target	KCJ11
Diazoxide	target	CAH1
Diazoxide	target	AT1A1
Diazoxide	target	CAH2
Rabeprazole	target	ATP4A
Proguanil	target	DYR
Chlorpheniramine	target	SC6A4
Chlorpheniramine	target	HRH1
Chlorpheniramine	target	SC6A2
Chlorpheniramine	target	SC6A3
Atovaquone	target	PYRD
Gemfibrozil	target	PPARA
Docetaxel	target	TBB1
Docetaxel	target	BCL2
Docetaxel	target	MAP4
Docetaxel	target	TAU
Docetaxel	target	MTAP2
Dasatinib	target	LCK
Dasatinib	target	ABL1
Dasatinib	target	YES
Dasatinib	target	STA5B
Dasatinib	target	PGFRB
Dasatinib	target	FYN
Dasatinib	target	SRC
Dasatinib	target	KIT
Dasatinib	target	ABL2
Dasatinib	target	EPHA2
Aliskiren	target	RENI
Arzoxifene	target	ADA
Arzoxifene	target	DPOLA
Tipifarnib	target	SC6A3
Lomeguatrib	target	DYR
Pioglitazone	target	PPARG
Levofloxacin	target	TOP2A
Bupropion	target	ACHA3
Bupropion	target	SC6A2
Bupropion	target	SC6A3
Trimetrexate	target	DYR
Lapatinib	target	ERBB2
Lapatinib	target	EGFR
Sitagliptin	target	DPP4
Decitabine	target	DNMT1
Naphazoline hydrochloride	target	ADA2A
Naphazoline hydrochloride	target	ADA1A
Triclosan	target	DECR
Antazoline	target	HRH1
Fingolimod	target	S1PR5
Levonordefrin	target	SC6A2
Levonordefrin	target	ADA1A
Sodium caprate	target	GBRA3
Sodium caprate	target	GBRA2
Sodium caprate	target	TSPOA
Arsenic trioxide	target	JUN
Arsenic trioxide	target	CCND1
Arsenic trioxide	target	MK01
Arsenic trioxide	target	AKT1
Arsenic trioxide	target	MK03
Arsenic trioxide	target	IKKB
Arsenic trioxide	target	TRXR1
Orphenadrine	target	SCNAA
Orphenadrine	target	NMD3A
Orphenadrine	target	NMDZ1
Orphenadrine	target	HRH1
Orphenadrine	target	SC6A2
Orphenadrine	target	NMDE4
Orphenadrine	target	NMD3B
Sunitinib	target	PGFRA
Sunitinib	target	VGFR2
Sunitinib	target	VGFR3
Sunitinib	target	VGFR1
Sunitinib	target	PGFRB
Sunitinib	target	KIT
Sunitinib	target	CSF1R
Sunitinib	target	FLT3
Hydralazine	target	AOC3
Hydralazine	target	P4HA1
Tribendimidine	target	FKB1A
Arsenic sulfide	target	PF2R
Arsenic sulfide	target	PE2R1
Hydroquinone	target	SC6A1
Hydroquinone	target	GABT
Scopadulciol acid	target	BCAT1
Scopadulciol acid	target	CA2D1
Scopadulciol acid	target	CAC1B
Scopadulciol acid	target	AA1R
Naloxone	target	TLR4
Naloxone	target	OPRK
Naloxone	target	OPRD
Naloxone	target	CREB1
Naloxone	target	OPRM
Naloxone	target	ESR1
Brinzolamide	target	CAH4
Brinzolamide	target	CAH1
Brinzolamide	target	CAH5A
Brinzolamide	target	CAH2
Mestranol	target	ESR1
Colchicine	target	TBB5
Colchicine	target	TBB1
Drospirenone	target	ANDR
Drospirenone	target	MCR
Drospirenone	target	PRGR
Sodium butyrate	target	MMP9
Sodium butyrate	target	CASP1
Sodium butyrate	target	CYC
Sodium butyrate	target	CASP3
Sodium butyrate	target	IL1B
Dexketoprofen	target	HPRT
Dexketoprofen	target	IMDH1
Perifosine	target	PPARA
Taxane	target	NFKB1
Tegafur	target	GSTA2
Captopril	target	MMP9
Captopril	target	MMP2
Captopril	target	ACE
Levetiracetam	target	SV2A
Levetiracetam	target	CAC1B
Nadolol	target	ADRB2
Nadolol	target	ADRB1
Vincristine	target	TBB5
Vincristine	target	TBA4A
Benazepril	target	ACE
Fluorouracil	target	TYSY
Lamotrigine	target	SCN2A
Propoxyphene	target	OPRK
Propoxyphene	target	OPRD
Propoxyphene	target	OPRM
Simvastatin	target	ITB2
Simvastatin	target	HMDH
Pemetrexed	target	PUR9
Pemetrexed	target	PUR2
Pemetrexed	target	TYSY
Pemetrexed	target	DYR
Irinotecan	target	TOP1M
Irinotecan	target	TOP1
Etoposide	target	TOP2B
Etoposide	target	TOP2A
Ranitidine	target	HRH2
Tacrolimus	target	FKB1A
Dorzolamide	target	CAH4
Dorzolamide	target	CAH1
Dorzolamide	target	CAH2
Methotrexate	target	DYR
Carbamazepine	target	SCN5A
Leucovorin	target	TYSY
Pentazocine	target	SGMR1
Pentazocine	target	OPRK
Pentazocine	target	OPRM
Latanoprost	target	PF2R
Verapamil	target	SCN5A
Verapamil	target	SC6A4
Verapamil	target	CACB4
Verapamil	target	CAC1S
Verapamil	target	KCJ11
Verapamil	target	CAC1I
Verapamil	target	CAC1G
Verapamil	target	CAC1C
Verapamil	target	KCNH2
Verapamil	target	CACB2
Verapamil	target	CAC1A
Verapamil	target	CAC1D
Verapamil	target	CACB1
Verapamil	target	CAC1B
Verapamil	target	CAC1F
Verapamil	target	CACB3
Epinephrine	target	ADA2A
Epinephrine	target	ADA1D
Epinephrine	target	PH4H
Epinephrine	target	ADA1B
Epinephrine	target	ADRB2
Epinephrine	target	ADA2B
Epinephrine	target	ADA1A
Epinephrine	target	ADRB1
Oxcarbazepine	target	SCN5A
Estradiol	target	NR1I2
Estradiol	target	ESR2
Estradiol	target	ESR1
Naproxen	target	PGH1
Naproxen	target	PGH2
Loteprednol Etabonate	target	GCR
Eprosartan	target	AGTR1
Rapamycin	target	MTOR
Rapamycin	target	FGF2
Rapamycin	target	FKB1A
Atropine	target	ACM5
Atropine	target	ACM3
Atropine	target	ACM1
Atropine	target	ACM2
Atropine	target	ACM4
Clonidine	target	ADA2A
Clonidine	target	ADA2C
Clonidine	target	ADA2B
Propranolol	target	5HT1B
Propranolol	target	ADRB3
Propranolol	target	ADRB2
Propranolol	target	5HT1A
Propranolol	target	ADRB1
Sumatriptan	target	5HT1B
Sumatriptan	target	5HT1D
Sumatriptan	target	5HT1F
Sumatriptan	target	5HT1A
Tamoxifen	target	ESR2
Tamoxifen	target	ESR1
Losartan	target	AGTR1
Perindopril	target	ACE
Candesartan	target	AGTR1
Quinapril	target	ACE
Enalapril	target	ACE
Diclofenac	target	LOX5
Diclofenac	target	PGH1
Diclofenac	target	KCNQ2
Diclofenac	target	SCN4A
Diclofenac	target	KCNQ3
Diclofenac	target	PGH2
Diclofenac	target	PA2GA
Fluticasone Propionate	target	GCR
Fluticasone Propionate	target	MCR
Fluticasone Propionate	target	PRGR
Fluticasone Propionate	target	PA24A
Mycophenolate mofetil	target	IMDH1
Mycophenolate mofetil	target	IMDH2
Furosemide	target	S12A1
Furosemide	target	CAH2
Warfarin	target	VKOR1
Gentamicin	target	LRP2
Indapamide	target	KCNE1
Indapamide	target	KCNQ1
Tropicamide	target	ACM3
Tropicamide	target	ACM1
Tropicamide	target	ACM2
Tropicamide	target	ACM4
Isosorbide Dinitrate	target	ANPRA
Didanosine	target	PNPH
Methdilazine	target	HRH1
Bimatoprost	target	AK1C3
Bimatoprost	target	PF2R
Bimatoprost	target	PE2R3
Bimatoprost	target	PE2R1
Tiagabine	target	SC6A1
Fluocinolone Acetonide	target	GCR
Ethosuximide	target	CAC1G
Amiloride	target	SCNNA
Amiloride	target	AOC1
Amiloride	target	SCNNB
Amiloride	target	UROK
Amiloride	target	SCNND
Amiloride	target	SCNNG
Amiloride	target	SL9A1
Ergotamine	target	ADA2A
Ergotamine	target	5HT1B
Ergotamine	target	5HT2A
Ergotamine	target	ADA1D
Ergotamine	target	5HT1D
Ergotamine	target	ADA1B
Ergotamine	target	DRD2
Ergotamine	target	SC6A2
Ergotamine	target	ADA2B
Ergotamine	target	ADA1A
Naltrexone	target	OPRK
Naltrexone	target	OPRD
Naltrexone	target	OPRM
Norethindrone	target	PRGR
Ribavirin	target	ADK
Ribavirin	target	IMDH1
Ribavirin	target	5NTC
Ribavirin	target	ENPP1
Fentanyl	target	OPRK
Fentanyl	target	OPRD
Fentanyl	target	OPRM
Propofol	target	GBRB2
Propofol	target	GBRB3
Propofol	target	SCN4A
Propofol	target	SCN2A
Ethynodiol Diacetate	target	ESR1
Ethynodiol Diacetate	target	PRGR
Amantadine	target	NMD3A
Amantadine	target	DRD2
Quinidine	target	SCN5A
Quinidine	target	KCNK1
Quinidine	target	KCNK6
Quinidine	target	KCNH2
Repaglinide	target	PPARG
Repaglinide	target	ABCC8
Bisoprolol	target	ADRB2
Bisoprolol	target	ADRB1
Amodiaquine	target	HNMT
Rifabutin	target	HS90A
Rifabutin	target	ENPL
Lisinopril	target	ACE2
Lisinopril	target	ACE
Homatropine Methylbromide	target	ACM5
Homatropine Methylbromide	target	ACM3
Homatropine Methylbromide	target	ACM1
Homatropine Methylbromide	target	ACM2
Homatropine Methylbromide	target	ACM4
Pralidoxime	target	CHLE
Pralidoxime	target	ACES
Loperamide	target	OPRK
Loperamide	target	OPRD
Loperamide	target	OPRM
Loperamide	target	CALM
Loperamide	target	COLI
Loperamide	target	CAC1A
Diazepam	target	GBRA3
Diazepam	target	GBRA5
Diazepam	target	GBRT
Diazepam	target	TSPOA
Diazepam	target	GBRR2
Diazepam	target	GBRB2
Diazepam	target	GBRE
Diazepam	target	GBRB3
Diazepam	target	GBRA1
Diazepam	target	GBRG1
Diazepam	target	GBRA2
Diazepam	target	GBRB1
Diazepam	target	GBRR3
Diazepam	target	GBRP
Diazepam	target	GBRG3
Diazepam	target	GBRD
Diazepam	target	GBRR1
Brompheniramine	target	ACM5
Brompheniramine	target	ACM3
Brompheniramine	target	ACM1
Brompheniramine	target	ACM2
Brompheniramine	target	ACM4
Brompheniramine	target	HRH1
Buprenorphine	target	OPRK
Buprenorphine	target	OPRD
Buprenorphine	target	OPRM
Famotidine	target	HRH2
Misoprostol	target	PE2R4
Misoprostol	target	PE2R3
Misoprostol	target	PE2R2
Salmeterol	target	ADRB2
Imatinib	target	PGFRA
Imatinib	target	ABL1
Imatinib	target	PGFRB
Imatinib	target	NTRK1
Imatinib	target	KIT
Imatinib	target	DDR1
Imatinib	target	CSF1R
Triamcinolone	target	GCR
Bacitracin	target	IDE
Bacitracin	target	A2MG
