CA2D3	GeneExpression	9606.ENSP00000419101
SCN1B	GeneExpression	9606.ENSP00000396915
SC6A8	GeneExpression	9606.ENSP00000253122
5HT2C	GeneExpression	9606.ENSP00000276198
V2R	GeneExpression	9606.ENSP00000338072
VTNC	GeneExpression	9606.ENSP00000226218
ACM3	GeneExpression	9606.ENSP00000255380
TNFA	GeneExpression	9606.ENSP00000398698
5HT2B	GeneExpression	9606.ENSP00000258400
PPARG	GeneExpression	9606.ENSP00000287820
GRIK1	GeneExpression	9606.ENSP00000382791
NRP1	GeneExpression	9606.ENSP00000265371
FAAH1	GeneExpression	9606.ENSP00000243167
A2MG	GeneExpression	9606.ENSP00000323929
INGR1	GeneExpression	9606.ENSP00000356713
RXRB	GeneExpression	9606.ENSP00000363812
VGFR2	GeneExpression	9606.ENSP00000263923
CAH1	GeneExpression	9606.ENSP00000256119
UPAR	GeneExpression	9606.ENSP00000339328
CHD1	GeneExpression	9606.ENSP00000284049
ADK	GeneExpression	9606.ENSP00000286621
GBRR2	GeneExpression	9606.ENSP00000386029
NMDE2	GeneExpression	9606.ENSP00000279593
CAC1S	GeneExpression	9606.ENSP00000355192
GGPPS	GeneExpression	9606.ENSP00000282841
INGR2	GeneExpression	9606.ENSP00000290219
CDK7	GeneExpression	9606.ENSP00000256443
CAH4	GeneExpression	9606.ENSP00000300900
CACB4	GeneExpression	9606.ENSP00000438949
IMDH1	GeneExpression	9606.ENSP00000345096
HBA	GeneExpression	9606.ENSP00000322421
ELNE	GeneExpression	9606.ENSP00000263621
RIR1	GeneExpression	9606.ENSP00000300738
INSR	GeneExpression	9606.ENSP00000303830
XCT	GeneExpression	9606.ENSP00000280612
MMAA	GeneExpression	9606.ENSP00000281317
TOP2B	GeneExpression	9606.ENSP00000396704
FGFR3	GeneExpression	9606.ENSP00000339824
NMD3A	GeneExpression	9606.ENSP00000355155
NEUR1	GeneExpression	9606.ENSP00000364782
CAMLG	GeneExpression	9606.ENSP00000297156
MGMT	GeneExpression	9606.ENSP00000302111
PSB10	GeneExpression	9606.ENSP00000351314
PF2R	GeneExpression	9606.ENSP00000359793
CP19A	GeneExpression	9606.ENSP00000260433
DPOLB	GeneExpression	9606.ENSP00000265421
SCNNB	GeneExpression	9606.ENSP00000345751
ACM1	GeneExpression	9606.ENSP00000306490
IMPA2	GeneExpression	9606.ENSP00000269159
DPOLA	GeneExpression	9606.ENSP00000368349
TPOR	GeneExpression	9606.ENSP00000361548
DRD5	GeneExpression	9606.ENSP00000306129
FA8	GeneExpression	9606.ENSP00000353393
MTHR	GeneExpression	9606.ENSP00000365775
VKOR1	GeneExpression	9606.ENSP00000378426
DNLI1	GeneExpression	9606.ENSP00000263274
TRBM	GeneExpression	9606.ENSP00000366307
AT2C1	GeneExpression	9606.ENSP00000376914
HDAC8	GeneExpression	9606.ENSP00000362674
CA2D1	GeneExpression	9606.ENSP00000349320
AL1A2	GeneExpression	9606.ENSP00000249750
SDC2	GeneExpression	9606.ENSP00000307046
KCMB1	GeneExpression	9606.ENSP00000274629
TRXR1	GeneExpression	9606.ENSP00000434516
RAI3	GeneExpression	9606.ENSP00000014914
AHR	GeneExpression	9606.ENSP00000242057
ABL1	GeneExpression	9606.ENSP00000361423
HRH4	GeneExpression	9606.ENSP00000256906
PA24A	GeneExpression	9606.ENSP00000356436
FA5	GeneExpression	9606.ENSP00000356771
KPCA	GeneExpression	9606.ENSP00000408695
FCG2C	GeneExpression	9606.ENSP00000351497
FCG2B	GeneExpression	9606.ENSP00000351497
5HT1B	GeneExpression	9606.ENSP00000358963
NEU1	GeneExpression	9606.ENSP00000217386
TNF11	GeneExpression	9606.ENSP00000239849
NNMT	GeneExpression	9606.ENSP00000299964
HDAC1	GeneExpression	9606.ENSP00000362649
CP27B	GeneExpression	9606.ENSP00000228606
ADRB1	GeneExpression	9606.ENSP00000358301
DRD2	GeneExpression	9606.ENSP00000354859
KCNN3	GeneExpression	9606.ENSP00000271915
AK1C3	GeneExpression	9606.ENSP00000369927
KCRM	GeneExpression	9606.ENSP00000221476
IL2RA	GeneExpression	9606.ENSP00000369293
PTPRS	GeneExpression	9606.ENSP00000349932
SCNAA	GeneExpression	9606.ENSP00000390600
ODO1	GeneExpression	9606.ENSP00000222673
DDC	GeneExpression	9606.ENSP00000350616
VDR	GeneExpression	9606.ENSP00000447173
RENI	GeneExpression	9606.ENSP00000272190
TYSY	GeneExpression	9606.ENSP00000315644
AOFA	GeneExpression	9606.ENSP00000340684
NU1M	GeneExpression	9606.ENSP00000354687
MAP4	GeneExpression	9606.ENSP00000353375
STA5B	GeneExpression	9606.ENSP00000293328
ITK	GeneExpression	9606.ENSP00000398655
ACHA4	GeneExpression	9606.ENSP00000359285
MP2K1	GeneExpression	9606.ENSP00000302486
PDE11	GeneExpression	9606.ENSP00000286063
PPARA	GeneExpression	9606.ENSP00000262735
C1QB	GeneExpression	9606.ENSP00000313967
CD86	GeneExpression	9606.ENSP00000332049
KEAP1	GeneExpression	9606.ENSP00000171111
TAU	GeneExpression	9606.ENSP00000340820
PLMN	GeneExpression	9606.ENSP00000308938
V1BR	GeneExpression	9606.ENSP00000356094
PDE1A	GeneExpression	9606.ENSP00000331574
YES	GeneExpression	9606.ENSP00000324740
KCRS	GeneExpression	9606.ENSP00000254035
KCRB	GeneExpression	9606.ENSP00000299198
HMDH	GeneExpression	9606.ENSP00000287936
PSB2	GeneExpression	9606.ENSP00000362334
GRIA1	GeneExpression	9606.ENSP00000285900
SPTB2	GeneExpression	9606.ENSP00000349259
CD1A	GeneExpression	9606.ENSP00000289429
AGTR1	GeneExpression	9606.ENSP00000273430
ADH1A	GeneExpression	9606.ENSP00000209668
SCN3B	GeneExpression	9606.ENSP00000299333
ACES	GeneExpression	9606.ENSP00000303211
TOP1	GeneExpression	9606.ENSP00000354522
SCNNA	GeneExpression	9606.ENSP00000353292
BST1	GeneExpression	9606.ENSP00000265016
GBRD	GeneExpression	9606.ENSP00000367848
6PGD	GeneExpression	9606.ENSP00000270776
ADA2A	GeneExpression	9606.ENSP00000280155
GBRB3	GeneExpression	9606.ENSP00000299267
ASSY	GeneExpression	9606.ENSP00000253004
PTK6	GeneExpression	9606.ENSP00000217185
ACM4	GeneExpression	9606.ENSP00000409378
FSHR	GeneExpression	9606.ENSP00000384708
METH	GeneExpression	9606.ENSP00000355536
NEC2	GeneExpression	9606.ENSP00000262545
PANX1	GeneExpression	9606.ENSP00000227638
HCAR2	GeneExpression	9606.ENSP00000375066
PSB9	GeneExpression	9606.ENSP00000363993
KCMB4	GeneExpression	9606.ENSP00000258111
GHR	GeneExpression	9606.ENSP00000230882
CHK1	GeneExpression	9606.ENSP00000388648
PGH1	GeneExpression	9606.ENSP00000354612
ADA1B	GeneExpression	9606.ENSP00000306662
IBP7	GeneExpression	9606.ENSP00000295666
IMPA1	GeneExpression	9606.ENSP00000408526
ACM2	GeneExpression	9606.ENSP00000319984
FCERA	GeneExpression	9606.ENSP00000357097
CASP3	GeneExpression	9606.ENSP00000311032
KCNQ2	GeneExpression	9606.ENSP00000352035
PLF4	GeneExpression	9606.ENSP00000296029
DCK	GeneExpression	9606.ENSP00000286648
CD4	GeneExpression	9606.ENSP00000011653
ANXA1	GeneExpression	9606.ENSP00000257497
TBB3	GeneExpression	9606.ENSP00000320295
MTOR	GeneExpression	9606.ENSP00000354558
PDE4C	GeneExpression	9606.ENSP00000347689
FCG2A	GeneExpression	9606.ENSP00000271450
DNLI3	GeneExpression	9606.ENSP00000367787
ABCA1	GeneExpression	9606.ENSP00000363868
CLCN2	GeneExpression	9606.ENSP00000265593
SCN3A	GeneExpression	9606.ENSP00000283254
FCN2	GeneExpression	9606.ENSP00000291744
SIR5	GeneExpression	9606.ENSP00000368552
PNPH	GeneExpression	9606.ENSP00000354532
SCNND	GeneExpression	9606.ENSP00000368411
TLR4	GeneExpression	9606.ENSP00000363089
CD33	GeneExpression	9606.ENSP00000262262
DNMT1	GeneExpression	9606.ENSP00000352516
ERBB4	GeneExpression	9606.ENSP00000342235
HDAC6	GeneExpression	9606.ENSP00000334061
KCNE1	GeneExpression	9606.ENSP00000337255
IL1B	GeneExpression	9606.ENSP00000263341
CAH6	GeneExpression	9606.ENSP00000366662
GBRB1	GeneExpression	9606.ENSP00000295454
FPPS	GeneExpression	9606.ENSP00000349078
KPCB	GeneExpression	9606.ENSP00000305355
GRM3	GeneExpression	9606.ENSP00000355316
SCN2A	GeneExpression	9606.ENSP00000283256
KCNH7	GeneExpression	9606.ENSP00000331727
ITB3	GeneExpression	9606.ENSP00000262017
BCL2	GeneExpression	9606.ENSP00000329623
CD80	GeneExpression	9606.ENSP00000264246
SL9A1	GeneExpression	9606.ENSP00000263980
TBB1	GeneExpression	9606.ENSP00000217133
ANT3	GeneExpression	9606.ENSP00000356671
SC6A1	GeneExpression	9606.ENSP00000287766
LSHR	GeneExpression	9606.ENSP00000294954
CDK5	GeneExpression	9606.ENSP00000419782
CA2D2	GeneExpression	9606.ENSP00000418081
IL3RB	GeneExpression	9606.ENSP00000384053
FGFR2	GeneExpression	9606.ENSP00000410294
TNR1B	GeneExpression	9606.ENSP00000365435
CDK9	GeneExpression	9606.ENSP00000362361
CAH5B	GeneExpression	9606.ENSP00000314099
PE2R4	GeneExpression	9606.ENSP00000302846
S12A1	GeneExpression	9606.ENSP00000370381
GBRG3	GeneExpression	9606.ENSP00000331912
MMP9	GeneExpression	9606.ENSP00000361405
SCNBA	GeneExpression	9606.ENSP00000307599
IL1A	GeneExpression	9606.ENSP00000263339
VEGFB	GeneExpression	9606.ENSP00000311127
PDE3A	GeneExpression	9606.ENSP00000351957
GCR	GeneExpression	9606.ENSP00000231509
P85A	GeneExpression	9606.ENSP00000274335
ITAV	GeneExpression	9606.ENSP00000261023
IL3RA	GeneExpression	9606.ENSP00000327890
GBRE	GeneExpression	9606.ENSP00000359353
NDUC2	GeneExpression	9606.ENSP00000281031
HDAC2	GeneExpression	9606.ENSP00000430432
IDE	GeneExpression	9606.ENSP00000265986
GSK3B	GeneExpression	9606.ENSP00000324806
S22A8	GeneExpression	9606.ENSP00000337335
NTRK1	GeneExpression	9606.ENSP00000431418
AK1C1	GeneExpression	9606.ENSP00000370254
FKB1A	GeneExpression	9606.ENSP00000371138
S100B	GeneExpression	9606.ENSP00000291700
CACB1	GeneExpression	9606.ENSP00000377840
5HT1D	GeneExpression	9606.ENSP00000313661
KCNJ1	GeneExpression	9606.ENSP00000376432
NPCL1	GeneExpression	9606.ENSP00000289547
CERU	GeneExpression	9606.ENSP00000264613
TIG1	GeneExpression	9606.ENSP00000237696
RARA	GeneExpression	9606.ENSP00000254066
FIBA	GeneExpression	9606.ENSP00000306361
IKKB	GeneExpression	9606.ENSP00000430684
ESR1	GeneExpression	9606.ENSP00000206249
RARG	GeneExpression	9606.ENSP00000377947
VGFR3	GeneExpression	9606.ENSP00000261937
PRG2	GeneExpression	9606.ENSP00000312134
SCN1A	GeneExpression	9606.ENSP00000303540
GLRA1	GeneExpression	9606.ENSP00000411593
AK1C2	GeneExpression	9606.ENSP00000370129
GBRP	GeneExpression	9606.ENSP00000265294
CAH9	GeneExpression	9606.ENSP00000367608
PDE4D	GeneExpression	9606.ENSP00000345502
NOS3	GeneExpression	9606.ENSP00000297494
LGUL	GeneExpression	9606.ENSP00000362463
GBRR3	GeneExpression	9606.ENSP00000471569
FA10	GeneExpression	9606.ENSP00000364709
CAH5A	GeneExpression	9606.ENSP00000309649
ENPP1	GeneExpression	9606.ENSP00000354238
SSDH	GeneExpression	9606.ENSP00000314649
UCKL1	GeneExpression	9606.ENSP00000346155
GBRG1	GeneExpression	9606.ENSP00000295452
OPRM	GeneExpression	9606.ENSP00000394624
MK01	GeneExpression	9606.ENSP00000215832
SSR5	GeneExpression	9606.ENSP00000293897
SC5A2	GeneExpression	9606.ENSP00000327943
KCNN2	GeneExpression	9606.ENSP00000264773
SGMR1	GeneExpression	9606.ENSP00000277010
AKT1	GeneExpression	9606.ENSP00000270202
GRM2	GeneExpression	9606.ENSP00000378492
SCN4B	GeneExpression	9606.ENSP00000322460
ITA2B	GeneExpression	9606.ENSP00000262407
5HT2A	GeneExpression	9606.ENSP00000367959
FCG3A	GeneExpression	9606.ENSP00000356946
PAI1	GeneExpression	9606.ENSP00000223095
CACB3	GeneExpression	9606.ENSP00000301050
CASP1	GeneExpression	9606.ENSP00000410076
SSR1	GeneExpression	9606.ENSP00000267377
CAH12	GeneExpression	9606.ENSP00000178638
PTH1R	GeneExpression	9606.ENSP00000321999
CP17A	GeneExpression	9606.ENSP00000358903
DPOA2	GeneExpression	9606.ENSP00000265465
TBA4A	GeneExpression	9606.ENSP00000248437
TPA	GeneExpression	9606.ENSP00000220809
RXRG	GeneExpression	9606.ENSP00000352900
MP2K2	GeneExpression	9606.ENSP00000262948
JUN	GeneExpression	9606.ENSP00000360266
FGF1	GeneExpression	9606.ENSP00000338548
LRP2	GeneExpression	9606.ENSP00000263816
SCN2B	GeneExpression	9606.ENSP00000278947
PH4H	GeneExpression	9606.ENSP00000448059
DRD1	GeneExpression	9606.ENSP00000327652
FCGR1	GeneExpression	9606.ENSP00000358165
AAKB1	GeneExpression	9606.ENSP00000229328
CD20	GeneExpression	9606.ENSP00000314620
OPRD	GeneExpression	9606.ENSP00000234961
NQO2	GeneExpression	9606.ENSP00000337773
KCY	GeneExpression	9606.ENSP00000360939
CAC1A	GeneExpression	9606.ENSP00000353362
SSR2	GeneExpression	9606.ENSP00000350198
TBA1A	GeneExpression	9606.ENSP00000301071
VKGC	GeneExpression	9606.ENSP00000233838
GUC2C	GeneExpression	9606.ENSP00000261170
TOP1M	GeneExpression	9606.ENSP00000328835
IL1R1	GeneExpression	9606.ENSP00000233946
HCK	GeneExpression	9606.ENSP00000365012
ANFB	GeneExpression	9606.ENSP00000365651
SC6A2	GeneExpression	9606.ENSP00000219833
NFKB1	GeneExpression	9606.ENSP00000226574
FGFR1	GeneExpression	9606.ENSP00000393312
THIL	GeneExpression	9606.ENSP00000265838
IL2RG	GeneExpression	9606.ENSP00000363318
ACHA2	GeneExpression	9606.ENSP00000385026
PYGM	GeneExpression	9606.ENSP00000164139
SOAT1	GeneExpression	9606.ENSP00000356591
TBE	GeneExpression	9606.ENSP00000357651
PDE4B	GeneExpression	9606.ENSP00000332116
CAC1B	GeneExpression	9606.ENSP00000360406
PRIO	GeneExpression	9606.ENSP00000368752
DRD3	GeneExpression	9606.ENSP00000373169
TLR9	GeneExpression	9606.ENSP00000417517
P2Y12	GeneExpression	9606.ENSP00000307259
PRLR	GeneExpression	9606.ENSP00000371432
MTRR	GeneExpression	9606.ENSP00000264668
GLRA2	GeneExpression	9606.ENSP00000218075
PTGR2	GeneExpression	9606.ENSP00000267568
OPRK	GeneExpression	9606.ENSP00000265572
PDPK1	GeneExpression	9606.ENSP00000344220
V1AR	GeneExpression	9606.ENSP00000299178
VATA	GeneExpression	9606.ENSP00000273398
ACH10	GeneExpression	9606.ENSP00000250699
BCAT1	GeneExpression	9606.ENSP00000443459
HRH1	GeneExpression	9606.ENSP00000380247
ANGP1	GeneExpression	9606.ENSP00000428340
ANGP2	GeneExpression	9606.ENSP00000314897
SCNNG	GeneExpression	9606.ENSP00000300061
CAH11	GeneExpression	9606.ENSP00000084798
NOS2	GeneExpression	9606.ENSP00000327251
NMDE3	GeneExpression	9606.ENSP00000293190
KCC2G	GeneExpression	9606.ENSP00000319060
LOX5	GeneExpression	9606.ENSP00000363512
GBRB2	GeneExpression	9606.ENSP00000274547
COLI	GeneExpression	9606.ENSP00000264708
MK03	GeneExpression	9606.ENSP00000263025
RET	GeneExpression	9606.ENSP00000347942
KCMB3	GeneExpression	9606.ENSP00000319370
PSMD1	GeneExpression	9606.ENSP00000309474
CSF3R	GeneExpression	9606.ENSP00000362195
AGTR2	GeneExpression	9606.ENSP00000360973
INAR1	GeneExpression	9606.ENSP00000270139
SYTL4	GeneExpression	9606.ENSP00000263033
HDAC9	GeneExpression	9606.ENSP00000408617
ADA	GeneExpression	9606.ENSP00000361965
AOFB	GeneExpression	9606.ENSP00000367309
CFTR	GeneExpression	9606.ENSP00000003084
CBPE	GeneExpression	9606.ENSP00000386104
PI2R	GeneExpression	9606.ENSP00000291294
AZIN2	GeneExpression	9606.ENSP00000294517
CAC1D	GeneExpression	9606.ENSP00000288139
EPHA2	GeneExpression	9606.ENSP00000351209
VMAT2	GeneExpression	9606.ENSP00000298472
GAMT	GeneExpression	9606.ENSP00000403536
HPRT	GeneExpression	9606.ENSP00000298556
CALM	GeneExpression	9606.ENSP00000349467
EDNRA	GeneExpression	9606.ENSP00000315011
FCN3	GeneExpression	9606.ENSP00000270879
KCRU	GeneExpression	9606.ENSP00000406577
FYN	GeneExpression	9606.ENSP00000346671
RYR1	GeneExpression	9606.ENSP00000352608
CAC1C	GeneExpression	9606.ENSP00000266376
ACE	GeneExpression	9606.ENSP00000290866
ATPD	GeneExpression	9606.ENSP00000215375
EPOR	GeneExpression	9606.ENSP00000222139
MMP2	GeneExpression	9606.ENSP00000219070
ASM	GeneExpression	9606.ENSP00000340409
RXRA	GeneExpression	9606.ENSP00000419692
ADH1B	GeneExpression	9606.ENSP00000306606
IL1RA	GeneExpression	9606.ENSP00000259206
GBRA2	GeneExpression	9606.ENSP00000348897
PGBM	GeneExpression	9606.ENSP00000363827
CAH2	GeneExpression	9606.ENSP00000285379
CDK6	GeneExpression	9606.ENSP00000265734
VMAT1	GeneExpression	9606.ENSP00000276373
P4HA1	GeneExpression	9606.ENSP00000263556
EPCR	GeneExpression	9606.ENSP00000216968
NMDZ1	GeneExpression	9606.ENSP00000360608
CP3A4	GeneExpression	9606.ENSP00000337915
GLRA3	GeneExpression	9606.ENSP00000274093
SCN4A	GeneExpression	9606.ENSP00000396320
CHLE	GeneExpression	9606.ENSP00000264381
DPYD	GeneExpression	9606.ENSP00000359211
CTR4	GeneExpression	9606.ENSP00000372390
ATP4A	GeneExpression	9606.ENSP00000262623
SC5A1	GeneExpression	9606.ENSP00000266088
NGF	GeneExpression	9606.ENSP00000358525
S22A6	GeneExpression	9606.ENSP00000367102
KCND3	GeneExpression	9606.ENSP00000319591
SH2B3	GeneExpression	9606.ENSP00000345492
ACSL4	GeneExpression	9606.ENSP00000339787
CSF1R	GeneExpression	9606.ENSP00000286301
ERBB2	GeneExpression	9606.ENSP00000269571
NEUR2	GeneExpression	9606.ENSP00000233840
CDK8	GeneExpression	9606.ENSP00000370938
CAH3	GeneExpression	9606.ENSP00000285381
S1PR5	GeneExpression	9606.ENSP00000328472
CASR	GeneExpression	9606.ENSP00000420194
GRIK2	GeneExpression	9606.ENSP00000397026
MUTA	GeneExpression	9606.ENSP00000274813
FLT3	GeneExpression	9606.ENSP00000241453
OXYR	GeneExpression	9606.ENSP00000324270
CALRL	GeneExpression	9606.ENSP00000376177
PE2R2	GeneExpression	9606.ENSP00000245457
IBP3	GeneExpression	9606.ENSP00000370473
TNNC2	GeneExpression	9606.ENSP00000361636
GBRA6	GeneExpression	9606.ENSP00000274545
PARP2	GeneExpression	9606.ENSP00000250416
NEC1	GeneExpression	9606.ENSP00000308024
LDHA	GeneExpression	9606.ENSP00000445175
GBRA1	GeneExpression	9606.ENSP00000023897
NADC	GeneExpression	9606.ENSP00000378782
CCG1	GeneExpression	9606.ENSP00000226021
CALY	GeneExpression	9606.ENSP00000252939
PSB8	GeneExpression	9606.ENSP00000364016
GRM1	GeneExpression	9606.ENSP00000282753
ITA5	GeneExpression	9606.ENSP00000293379
GBRA5	GeneExpression	9606.ENSP00000335592
CAC1G	GeneExpression	9606.ENSP00000352011
ITB1	GeneExpression	9606.ENSP00000303351
KCMB2	GeneExpression	9606.ENSP00000351068
SRC	GeneExpression	9606.ENSP00000350941
HNMT	GeneExpression	9606.ENSP00000280097
DPEP1	GeneExpression	9606.ENSP00000261615
ACHA7	GeneExpression	9606.ENSP00000299847
HCAR3	GeneExpression	9606.ENSP00000436714
CATD	GeneExpression	9606.ENSP00000236671
SC6A3	GeneExpression	9606.ENSP00000270349
KCNH6	GeneExpression	9606.ENSP00000463533
KCJ11	GeneExpression	9606.ENSP00000345708
ADRB2	GeneExpression	9606.ENSP00000305372
FCG3B	GeneExpression	9606.ENSP00000294800
THRB	GeneExpression	9606.ENSP00000308541
VCAM1	GeneExpression	9606.ENSP00000294728
CAH8	GeneExpression	9606.ENSP00000314407
P85B	GeneExpression	9606.ENSP00000471914
CDK2	GeneExpression	9606.ENSP00000266970
COMT	GeneExpression	9606.ENSP00000354511
CD52	GeneExpression	9606.ENSP00000363330
ANPRA	GeneExpression	9606.ENSP00000357669
PTN4	GeneExpression	9606.ENSP00000263708
ITB2	GeneExpression	9606.ENSP00000303242
CXCR1	GeneExpression	9606.ENSP00000295683
FAS	GeneExpression	9606.ENSP00000304592
GBRT	GeneExpression	9606.ENSP00000359329
TERT	GeneExpression	9606.ENSP00000309572
FABPI	GeneExpression	9606.ENSP00000274024
FCERB	GeneExpression	9606.ENSP00000278888
KCNN4	GeneExpression	9606.ENSP00000262888
TBD	GeneExpression	9606.ENSP00000320797
MTAP2	GeneExpression	9606.ENSP00000353508
PE2R1	GeneExpression	9606.ENSP00000292513
GRIA2	GeneExpression	9606.ENSP00000264426
TBB5	GeneExpression	9606.ENSP00000339001
NCOA1	GeneExpression	9606.ENSP00000320940
ITAL	GeneExpression	9606.ENSP00000349252
GBRA4	GeneExpression	9606.ENSP00000264318
GNRHR	GeneExpression	9606.ENSP00000226413
PDE10	GeneExpression	9606.ENSP00000438284
IL2RB	GeneExpression	9606.ENSP00000216223
MDR1	GeneExpression	9606.ENSP00000265724
CDK1	GeneExpression	9606.ENSP00000378699
PRGR	GeneExpression	9606.ENSP00000325120
DDR1	GeneExpression	9606.ENSP00000365759
ILF3	GeneExpression	9606.ENSP00000404121
LYN	GeneExpression	9606.ENSP00000428924
FGFR4	GeneExpression	9606.ENSP00000292408
CADH5	GeneExpression	9606.ENSP00000344115
ARGI2	GeneExpression	9606.ENSP00000261783
KCNJ5	GeneExpression	9606.ENSP00000339960
CTLA4	GeneExpression	9606.ENSP00000303939
ABL2	GeneExpression	9606.ENSP00000427562
CAH10	GeneExpression	9606.ENSP00000285273
CANB2	GeneExpression	9606.ENSP00000363939
IMDH2	GeneExpression	9606.ENSP00000321584
ACHA3	GeneExpression	9606.ENSP00000315602
AT1A1	GeneExpression	9606.ENSP00000295598
GBRR1	GeneExpression	9606.ENSP00000412673
COMP	GeneExpression	9606.ENSP00000222271
PDXK	GeneExpression	9606.ENSP00000291565
EGFR	GeneExpression	9606.ENSP00000275493
KCNA1	GeneExpression	9606.ENSP00000371985
CLTR1	GeneExpression	9606.ENSP00000362401
GRM5	GeneExpression	9606.ENSP00000306138
CDK4	GeneExpression	9606.ENSP00000257904
EDNRB	GeneExpression	9606.ENSP00000366416
K2C7	GeneExpression	9606.ENSP00000329243
NR0B1	GeneExpression	9606.ENSP00000368253
VEGFA	GeneExpression	9606.ENSP00000361125
5HT1A	GeneExpression	9606.ENSP00000316244
C1S	GeneExpression	9606.ENSP00000328173
ACDSB	GeneExpression	9606.ENSP00000357873
ENPL	GeneExpression	9606.ENSP00000299767
RARB	GeneExpression	9606.ENSP00000332296
C1QA	GeneExpression	9606.ENSP00000363773
CXA1	GeneExpression	9606.ENSP00000282561
KCNQ3	GeneExpression	9606.ENSP00000373648
SC6A4	GeneExpression	9606.ENSP00000261707
ADA1D	GeneExpression	9606.ENSP00000368766
ARLY	GeneExpression	9606.ENSP00000307188
TBB4B	GeneExpression	9606.ENSP00000341289
TIE2	GeneExpression	9606.ENSP00000369375
INAR2	GeneExpression	9606.ENSP00000343957
SV2A	GeneExpression	9606.ENSP00000358142
PE2R3	GeneExpression	9606.ENSP00000349003
KCNH2	GeneExpression	9606.ENSP00000262186
PTPRE	GeneExpression	9606.ENSP00000254667
CXCR4	GeneExpression	9606.ENSP00000386884
AL5AP	GeneExpression	9606.ENSP00000369858
ESR2	GeneExpression	9606.ENSP00000343925
S5A1	GeneExpression	9606.ENSP00000274192
GABT	GeneExpression	9606.ENSP00000268251
5NTC	GeneExpression	9606.ENSP00000339479
S12A3	GeneExpression	9606.ENSP00000402152
PLGF	GeneExpression	9606.ENSP00000451040
RAF1	GeneExpression	9606.ENSP00000251849
SCN9A	GeneExpression	9606.ENSP00000386306
NMDE1	GeneExpression	9606.ENSP00000332549
CNCG	GeneExpression	9606.ENSP00000266395
ABCC9	GeneExpression	9606.ENSP00000261200
NOV	GeneExpression	9606.ENSP00000259526
VGFR1	GeneExpression	9606.ENSP00000282397
TBG1	GeneExpression	9606.ENSP00000251413
P55G	GeneExpression	9606.ENSP00000262741
IL6RA	GeneExpression	9606.ENSP00000357470
IKKA	GeneExpression	9606.ENSP00000359424
AOC1	GeneExpression	9606.ENSP00000354193
TNNC1	GeneExpression	9606.ENSP00000232975
SPB6	GeneExpression	9606.ENSP00000338358
CACB2	GeneExpression	9606.ENSP00000320025
TSPOA	GeneExpression	9606.ENSP00000328973
ADA2B	GeneExpression	9606.ENSP00000387281
GRIA3	GeneExpression	9606.ENSP00000264357
SCN5A	GeneExpression	9606.ENSP00000328968
LYAM3	GeneExpression	9606.ENSP00000263686
ADA2C	GeneExpression	9606.ENSP00000386069
DECR	GeneExpression	9606.ENSP00000220764
AA2BR	GeneExpression	9606.ENSP00000304501
CREB1	GeneExpression	9606.ENSP00000387699
C1QC	GeneExpression	9606.ENSP00000363768
5HT1E	GeneExpression	9606.ENSP00000307766
CTR1	GeneExpression	9606.ENSP00000370128
PGH2	GeneExpression	9606.ENSP00000356438
FOLR2	GeneExpression	9606.ENSP00000298223
NR1I2	GeneExpression	9606.ENSP00000336528
AOC3	GeneExpression	9606.ENSP00000312326
PA2GA	GeneExpression	9606.ENSP00000364252
FAK2	GeneExpression	9606.ENSP00000332816
IGF1R	GeneExpression	9606.ENSP00000268035
DPP4	GeneExpression	9606.ENSP00000353731
LYSC	GeneExpression	9606.ENSP00000261267
F13A	GeneExpression	9606.ENSP00000264870
CYC	GeneExpression	9606.ENSP00000307786
5HT1F	GeneExpression	9606.ENSP00000322924
CCND1	GeneExpression	9606.ENSP00000227507
RIR2	GeneExpression	9606.ENSP00000353770
ACE2	GeneExpression	9606.ENSP00000252519
CCR5	GeneExpression	9606.ENSP00000292303
AA1R	GeneExpression	9606.ENSP00000308549
KCND2	GeneExpression	9606.ENSP00000333496
BRAF	GeneExpression	9606.ENSP00000288602
CART	GeneExpression	9606.ENSP00000296777
NTRK2	GeneExpression	9606.ENSP00000277120
PPIA	GeneExpression	9606.ENSP00000419425
PSB1	GeneExpression	9606.ENSP00000262193
NCOA2	GeneExpression	9606.ENSP00000399968
PYRD	GeneExpression	9606.ENSP00000219240
AL1A1	GeneExpression	9606.ENSP00000297785
KCNQ1	GeneExpression	9606.ENSP00000155840
ADRB3	GeneExpression	9606.ENSP00000343782
PROS	GeneExpression	9606.ENSP00000377783
CAC1F	GeneExpression	9606.ENSP00000365441
ANDR	GeneExpression	9606.ENSP00000363822
ACM5	GeneExpression	9606.ENSP00000372750
AA2AR	GeneExpression	9606.ENSP00000336630
GSTP1	GeneExpression	9606.ENSP00000381607
UROK	GeneExpression	9606.ENSP00000361850
RB	GeneExpression	9606.ENSP00000267163
CTR3	GeneExpression	9606.ENSP00000298085
GSHR	GeneExpression	9606.ENSP00000221130
CAH13	GeneExpression	9606.ENSP00000318912
KCNK1	GeneExpression	9606.ENSP00000355580
PARP1	GeneExpression	9606.ENSP00000355759
MGA	GeneExpression	9606.ENSP00000447378
PUR2	GeneExpression	9606.ENSP00000371236
TNFB	GeneExpression	9606.ENSP00000403495
IPSP	GeneExpression	9606.ENSP00000333203
HMR1	GeneExpression	9606.ENSP00000356552
CAH7	GeneExpression	9606.ENSP00000345659
CP51A	GeneExpression	9606.ENSP00000003100
MCR	GeneExpression	9606.ENSP00000341390
GLP1R	GeneExpression	9606.ENSP00000362353
TAAR1	GeneExpression	9606.ENSP00000275216
CNRG	GeneExpression	9606.ENSP00000328412
HDAC3	GeneExpression	9606.ENSP00000302967
NK1R	GeneExpression	9606.ENSP00000303522
5HT7R	GeneExpression	9606.ENSP00000337949
LCK	GeneExpression	9606.ENSP00000337825
AMPN	GeneExpression	9606.ENSP00000300060
CAH14	GeneExpression	9606.ENSP00000358107
PDE4A	GeneExpression	9606.ENSP00000270474
KIT	GeneExpression	9606.ENSP00000288135
CRBN	GeneExpression	9606.ENSP00000231948
5HT6R	GeneExpression	9606.ENSP00000289753
TLR7	GeneExpression	9606.ENSP00000370034
PGFRA	GeneExpression	9606.ENSP00000257290
NMDE4	GeneExpression	9606.ENSP00000263269
ABCBB	GeneExpression	9606.ENSP00000263817
KCNK6	GeneExpression	9606.ENSP00000263372
ADA1A	GeneExpression	9606.ENSP00000369960
PSB5	GeneExpression	9606.ENSP00000355325
PDE5A	GeneExpression	9606.ENSP00000347046
PSMD2	GeneExpression	9606.ENSP00000310129
GSTA2	GeneExpression	9606.ENSP00000420168
S22AB	GeneExpression	9606.ENSP00000301891
GBRA3	GeneExpression	9606.ENSP00000359334
FGF2	GeneExpression	9606.ENSP00000264498
HS90A	GeneExpression	9606.ENSP00000335153
HRH2	GeneExpression	9606.ENSP00000366506
PD2R2	GeneExpression	9606.ENSP00000332812
M3K2	GeneExpression	9606.ENSP00000343463
DYR	GeneExpression	9606.ENSP00000396308
BCR	GeneExpression	9606.ENSP00000303507
PUR9	GeneExpression	9606.ENSP00000236959
MMAC	GeneExpression	9606.ENSP00000383840
PDE1B	GeneExpression	9606.ENSP00000243052
TOP2A	GeneExpression	9606.ENSP00000411532
CAC1H	GeneExpression	9606.ENSP00000334198
PGFRB	GeneExpression	9606.ENSP00000261799
MPRI	GeneExpression	9606.ENSP00000349437
EST1	GeneExpression	9606.ENSP00000353720
NMD3B	GeneExpression	9606.ENSP00000234389
ABCC8	GeneExpression	9606.ENSP00000374467
CAC1I	GeneExpression	9606.ENSP00000385019
DHI1	GeneExpression	9606.ENSP00000261465
